Activity Type,Date,Favorite,Title,Distance,Calories,Time,Avg HR,Max HR,Avg Run Cadence,Max Run Cadence,Avg Pace,Best Pace,Total Ascent,Total Descent,Avg Stride Length,Avg Vertical Ratio,Avg Vertical Oscillation,Training Stress ScoreÂ®,Grit,Flow,Dive Time,Min Temp,Surface Interval,Decompression,Best Lap Time,Number of Laps,Max Temp,Moving Time,Elapsed Time,Min Elevation,Max Elevation
Running,2021-11-04 08:01:45,false,"Toronto Running","2.00","137","00:10:07","148","175","162","194","5:03","4:27","6","2","1.22","0.0","0.0","0.0","0.0","0.0","0:00","0.0","0:00","No","10:07.43","1","0.0","00:09:35","00:10:07","79","87"
Running,2021-11-03 08:00:52,false,"Toronto Running","2.05","141","00:11:16","137","159","154","175","5:30","4:29","92","89","1.18","0.0","0.0","0.0","0.0","0.0","0:00","0.0","0:00","No","11:15.74","1","0.0","00:10:28","00:11:16","79","168"
Running,2021-11-02 17:05:32,false,"Toronto Running","3.18","234","00:17:03","149","175","155","181","5:22","4:19","10","6","1.21","0.0","0.0","0.0","0.0","0.0","0:00","0.0","0:00","No","17:02.73","1","0.0","00:16:12","00:17:03","75","85"
Running,2021-11-01 17:36:06,false,"Toronto Running","6.81","448","00:33:38","146","171","165","180","4:56","4:09","8","34","1.23","0.0","0.0","0.0","0.0","0.0","0:00","0.0","0:00","No","33:37.90","1","0.0","00:32:12","00:33:38","75","109"
Running,2021-10-31 23:04:14,false,"Toronto Running","2.19","146","00:11:24","138","161","166","174","5:13","4:39","3","6","1.16","0.0","0.0","0.0","0.0","0.0","0:00","0.0","0:00","No","11:23.99","1","0.0","00:11:21","00:11:24","75","92"
Running,2021-10-30 09:35:37,false,"Toronto Running","2.15","141","00:11:47","133","156","162","181","5:28","4:05","3","7","1.13","0.0","0.0","0.0","0.0","0.0","0:00","0.0","0:00","No","11:47.30","1","0.0","00:11:35","00:11:47","75","82"
Running,2021-10-29 15:50:32,false,"Toronto Running","3.36","200","00:14:45","147","178","170","190","4:24","3:50","3","7","1.34","0.0","0.0","0.0","0.0","0.0","0:00","0.0","0:00","No","14:45.39","1","0.0","00:14:16","00:14:45","75","82"
Running,2021-10-28 16:59:39,false,"Toronto Running","2.37","135","00:11:12","137","169","163","231","4:44","3:38","5","5","1.30","0.0","0.0","0.0","0.0","0.0","0:00","0.0","0:00","No","11:12.08","1","0.0","00:11:08","00:11:12","75","82"
Running,2021-10-27 17:11:02,false,"Toronto Running","2.99","209","00:14:57","149","173","164","178","5:00","4:18","14","4","1.22","0.0","0.0","0.0","0.0","0.0","0:00","0.0","0:00","No","14:56.89","1","0.0","00:14:26","00:14:57","79","94"
Running,2021-10-26 07:11:03,false,"Toronto Running","2.13","149","00:11:28","141","159","161","176","5:23","4:44","3","7","1.15","0.0","0.0","0.0","0.0","0.0","0:00","0.0","0:00","No","11:27.92","1","0.0","00:11:22","00:11:45","75","82"
Running,2021-10-25 18:13:30,false,"Toronto Running","1.01","78","00:06:07.0","139","163","152","173","6:03","4:54","--","--","1.09","0.0","0.0","0.0","0.0","0.0","0:00","0.0","0:00","No","06:07.02","1","0.0","00:05:44","00:06:07.0","82","84"
Running,2021-10-25 17:30:35,false,"Toronto Running","1.01","66","00:05:50.7","130","165","145","170","5:48","4:40","1","--","1.19","0.0","0.0","0.0","0.0","0.0","0:00","0.0","0:00","No","05:50.69","1","0.0","00:05:36","00:06:20.6","82","86"
Running,2021-10-24 10:44:23,false,"Trent Hills Running","2.04","139","00:10:43","140","166","172","188","5:15","4:25","3","1","1.11","0.0","0.0","0.0","0.0","0.0","0:00","0.0","0:00","No","10:42.70","1","0.0","00:10:43","00:10:43","185","191"
Running,2021-10-23 10:17:06,false,"Trent Hills Running","3.32","232","00:21:20","130","150","163","180","6:25","4:33","7","5","0.96","0.0","0.0","0.0","0.0","0.0","0:00","0.0","0:00","No","21:20.08","1","0.0","00:21:16","00:21:20","185","191"
Running,2021-10-22 12:35:26,false,"Toronto Running","3.51","226","00:16:44","146","178","166","178","4:46","2:45","177","180","1.26","0.0","0.0","0.0","0.0","0.0","0:00","0.0","0:00","No","16:44.47","1","0.0","00:16:40","00:16:44","75","172"
Running,2021-10-21 17:44:11,false,"Toronto Running","2.30","165","00:13:43","135","165","151","173","5:58","4:39","3","6","1.11","0.0","0.0","0.0","0.0","0.0","0:00","0.0","0:00","No","13:42.77","1","0.0","00:12:35","00:13:43","75","82"
Running,2021-10-20 16:48:53,false,"Toronto Running","4.61","281","00:23:52","134","157","165","180","5:11","4:12","5","7","1.17","0.0","0.0","0.0","0.0","0.0","0:00","0.0","0:00","No","23:51.55","1","0.0","00:22:49","00:24:10","75","88"
Running,2021-10-19 17:31:56,false,"Toronto Running","3.83","238","00:18:16","144","174","159","180","4:46","1:19","6","6","1.31","0.0","0.0","0.0","0.0","0.0","0:00","0.0","0:00","No","18:16.25","1","0.0","00:16:59","00:18:16","75","96"
Running,2021-10-18 14:56:35,false,"Toronto Running","6.02","484","00:33:08","160","199","154","190","5:30","4:04","22","95","1.18","0.0","0.0","0.0","0.0","0.0","0:00","0.0","0:00","No","33:08.19","1","0.0","00:29:53","00:33:12","75","153"
Running,2021-10-17 18:57:14,false,"Toronto Running","2.18","154","00:11:15","151","190","171","221","5:10","4:34","3","7","1.14","0.0","0.0","0.0","0.0","0.0","0:00","0.0","0:00","No","11:14.51","1","0.0","00:11:15","00:11:15","75","82"
Running,2021-10-16 06:48:23,false,"Toronto Running","1.44","116","00:08:20.9","152","176","165","184","5:47","4:18","8","--","1.05","0.0","0.0","0.0","0.0","0.0","0:00","0.0","0:00","No","08:20.89","1","0.0","00:08:01","00:08:20.9","82","91"
Running,2021-10-16 06:31:13,false,"Toronto Running","1.63","101","00:08:06.0","138","155","169","178","4:58","3:50","--","7","1.20","0.0","0.0","0.0","0.0","0.0","0:00","0.0","0:00","No","08:05.95","1","0.0","00:08:06.0","00:08:06.0","82","124"
Running,2021-10-15 08:09:56,false,"Toronto Running","2.23","141","00:11:36","138","150","161","176","5:12","4:35","3","236","1.19","0.0","0.0","0.0","0.0","0.0","0:00","0.0","0:00","No","11:36.01","1","0.0","00:11:36","00:11:36","75","311"
Running,2021-10-14 09:04:09,false,"Toronto Running","2.06","143","00:11:20","142","170","155","186","5:30","4:21","8","52","1.18","0.0","0.0","0.0","0.0","0.0","0:00","0.0","0:00","No","11:19.82","1","0.0","00:10:25","00:11:20","78","130"
Running,2021-10-13 17:48:53,false,"Toronto Running","5.96","434","00:30:18","155","186","169","188","5:05","3:48","3","7","1.16","0.0","0.0","0.0","0.0","0.0","0:00","0.0","0:00","No","30:17.63","1","0.0","00:29:33","00:30:18","75","82"
Running,2021-10-12 17:08:45,false,"Toronto Running","5.00","287","00:23:19","140","176","165","240","4:40","3:51","161","159","1.30","0.0","0.0","0.0","0.0","0.0","0:00","0.0","0:00","No","23:18.51","1","0.0","00:22:53","00:24:02","75","232"
Running,2021-10-11 11:43:30,false,"Toronto Running","1.01","77","00:07:11.1","128","141","158","174","7:07","4:45","--","2","0.89","0.0","0.0","0.0","0.0","0.0","0:00","0.0","0:00","No","07:11.14","1","0.0","00:06:47","00:07:50.1","81","85"
Running,2021-10-11 10:59:01,false,"Toronto Running","1.05","71","00:07:54.8","117","128","155","174","7:30","5:08","3","--","0.86","0.0","0.0","0.0","0.0","0.0","0:00","0.0","0:00","No","07:54.81","1","0.0","00:07:21","00:07:54.8","81","85"
Cycling,2021-10-10 23:03:46,false,"Toronto Cycling","1.61","70","00:09:14.4","109","129","--","--","10.4","25.1","14","--","0.00","0.0","0.0","0.0","0.0","0.0","0:00","0.0","0:00","No","09:14.41","1","0.0","00:06:19","00:09:14.4","86","100"
Running,2021-10-10 09:04:50,false,"Toronto Running","0.95","63","00:05:45.6","129","155","158","174","6:04","2:05","--","2","1.04","0.0","0.0","0.0","0.0","0.0","0:00","0.0","0:00","No","05:45.64","1","0.0","00:05:28","00:06:06.6","81","85"
Running,2021-10-10 08:39:57,false,"Toronto Running","1.21","82","00:08:40.2","119","141","142","176","7:10","5:16","4","--","0.99","0.0","0.0","0.0","0.0","0.0","0:00","0.0","0:00","No","08:40.16","1","0.0","00:07:43","00:08:40.2","81","85"
Running,2021-10-09 15:40:33,false,"Toronto Running","2.58","183","00:13:37","146","170","165","180","5:17","4:31","42","46","1.14","0.0","0.0","0.0","0.0","0.0","0:00","0.0","0:00","No","13:37.36","1","0.0","00:13:19","00:13:37","75","121"
Running,2021-10-08 17:13:52,false,"Toronto Running","1.01","74","00:06:50.5","127","146","161","175","6:46","3:17","263","267","0.92","0.0","0.0","0.0","0.0","0.0","0:00","0.0","0:00","No","06:50.48","1","0.0","00:06:36","00:06:55.0","80","196"
Running,2021-10-08 16:39:18,false,"Toronto Running","1.01","56","00:06:43.5","113","142","148","171","6:40","5:23","2","--","1.01","0.0","0.0","0.0","0.0","0.0","0:00","0.0","0:00","No","06:43.49","1","0.0","00:05:50","00:08:19.8","81","86"
Running,2021-10-07 16:52:54,false,"Toronto Running","4.44","295","00:24:36","139","178","151","195","5:33","3:20","201","200","1.20","0.0","0.0","0.0","0.0","0.0","0:00","0.0","0:00","No","24:36.34","1","0.0","00:22:26","00:24:36","75","276"
Running,2021-10-06 07:51:09,false,"Toronto Running","2.13","154","00:13:39","133","158","159","173","6:25","4:50","3","7","0.98","0.0","0.0","0.0","0.0","0.0","0:00","0.0","0:00","No","13:38.74","1","0.0","00:13:09","00:13:39","75","82"
Running,2021-10-05 07:39:32,false,"Toronto Running","2.90","190","00:14:08","147","164","156","178","4:52","3:46","3","6","1.31","0.0","0.0","0.0","0.0","0.0","0:00","0.0","0:00","No","14:07.88","1","0.0","00:13:12","00:14:29","75","82"
Running,2021-10-04 18:00:39,false,"Toronto Running","1.01","67","00:06:17.8","126","153","148","173","6:14","4:30","143","146","1.08","0.0","0.0","0.0","0.0","0.0","0:00","0.0","0:00","No","06:17.83","1","0.0","00:05:40","00:07:32.9","81","228"
Running,2021-10-04 16:49:40,false,"Toronto Running","1.20","73","00:08:23.5","113","132","136","176","7:01","2:32","2","--","1.05","0.0","0.0","0.0","0.0","0.0","0:00","0.0","0:00","No","08:23.52","1","0.0","00:07:27","00:08:24.3","81","119"
Running,2021-10-03 20:06:57,false,"Toronto Running","2.03","141","00:11:07","141","162","163","180","5:29","4:09","3","--","1.12","0.0","0.0","0.0","0.0","0.0","0:00","0.0","0:00","No","11:07.25","1","0.0","00:10:32","00:11:07","75","84"
Running,2021-10-02 08:16:36,false,"Trent Hills Running","2.01","154","00:12:12","141","165","160","184","6:05","5:20","5","--","1.03","0.0","0.0","0.0","0.0","0.0","0:00","0.0","0:00","No","12:12.28","1","0.0","00:11:45","00:12:12","185","192"
Running,2021-10-01 18:15:26,false,"Trent Hills Running","3.06","219","00:15:49","151","175","165","178","5:10","4:33","3","3","1.17","0.0","0.0","0.0","0.0","0.0","0:00","0.0","0:00","No","15:49.05","1","0.0","00:15:37","00:15:49","183","190"
Running,2021-09-30 18:49:35,false,"Toronto Running","3.06","234","00:16:39","154","185","163","177","5:26","4:33","3","85","1.13","0.0","0.0","0.0","0.0","0.0","0:00","0.0","0:00","No","16:39.30","1","0.0","00:16:17","00:16:39","75","160"
Running,2021-09-29 08:08:40,false,"Toronto Running","8.25","567","00:42:16","152","192","158","195","5:08","3:41","4","6","1.23","0.0","0.0","0.0","0.0","0.0","0:00","0.0","0:00","No","42:15.78","1","0.0","00:37:00","00:42:16","75","82"
Running,2021-09-28 08:17:47,false,"Toronto Running","2.05","123","00:12:53","121","137","158","176","6:17","4:59","3","5","1.01","0.0","0.0","0.0","0.0","0.0","0:00","0.0","0:00","No","12:52.95","1","0.0","00:12:07","00:12:53","75","82"
Running,2021-09-27 21:08:25,false,"Toronto Running","2.18","135","00:10:09","148","168","173","184","4:40","4:09","3","7","1.24","0.0","0.0","0.0","0.0","0.0","0:00","0.0","0:00","No","10:08.73","1","0.0","00:10:05","00:10:29","75","82"
Running,2021-09-26 10:16:17,false,"Toronto Running","2.10","146","00:13:20","131","156","161","174","6:21","4:43","3","7","0.98","0.0","0.0","0.0","0.0","0.0","0:00","0.0","0:00","No","13:19.52","1","0.0","00:12:59","00:13:20","75","82"
Running,2021-09-25 11:03:09,false,"Toronto Running","2.20","150","00:09:57.9","164","188","162","194","4:32","3:38","6","6","1.37","0.0","0.0","0.0","0.0","0.0","0:00","0.0","0:00","No","09:57.87","1","0.0","00:09:14","00:10:38","75","81"
Running,2021-09-24 17:47:49,false,"Toronto Running","5.92","400","00:29:16","152","181","167","190","4:57","3:43","3","6","1.21","0.0","0.0","0.0","0.0","0.0","0:00","0.0","0:00","No","29:15.84","1","0.0","00:27:40","00:29:45","70","81"
Running,2021-09-23 13:18:18,false,"Toronto Running","2.64","170","00:13:37","139","158","163","178","5:10","4:21","3","6","1.19","0.0","0.0","0.0","0.0","0.0","0:00","0.0","0:00","No","13:36.77","1","0.0","00:13:10","00:13:37","75","81"
Running,2021-09-22 07:45:56,false,"Toronto Running","2.01","143","00:11:19","141","178","163","176","5:37","0:32","--","5","1.09","0.0","0.0","0.0","0.0","0.0","0:00","0.0","0:00","No","11:19.23","1","0.0","00:00:00","00:11:19","75","82"
Running,2021-09-21 08:26:57,false,"Toronto Running","1.13","86","00:07:28.9","133","145","146","173","6:38","5:17","--","102","1.03","0.0","0.0","0.0","0.0","0.0","0:00","0.0","0:00","No","07:28.91","1","0.0","00:00:00","00:07:28.9","80","183"
Running,2021-09-21 07:47:28,false,"Toronto Running","0.96","78","00:07:42.2","122","140","143","171","8:03","5:18","5","--","0.87","0.0","0.0","0.0","0.0","0.0","0:00","0.0","0:00","No","07:42.20","1","0.0","00:00:00","00:07:42.2","82","87"
Running,2021-09-20 16:55:52,false,"Toronto Running","4.95","345","00:25:17","150","179","171","182","5:06","4:05","6","6","1.15","0.0","0.0","0.0","0.0","0.0","0:00","0.0","0:00","No","25:16.87","1","0.0","00:00:00","00:25:17","70","83"
Running,2021-09-19 18:42:46,false,"Toronto Running","3.12","190","00:19:07","124","146","158","174","6:08","4:01","3","6","1.03","0.0","0.0","0.0","0.0","0.0","0:00","0.0","0:00","No","19:07.43","1","0.0","00:00:00","00:19:38","75","81"
Running,2021-09-18 12:30:15,false,"Kawartha Lakes Running","3.35","207","00:22:13","120","137","157","174","6:38","5:46","11","12","0.96","0.0","0.0","0.0","0.0","0.0","0:00","0.0","0:00","No","22:13.10","1","0.0","00:00:00","00:32:25","259","273"
Running,2021-09-17 07:10:50,false,"Toronto Running","2.08","128","00:12:24","124","138","167","174","5:57","5:32","3","6","1.01","0.0","0.0","0.0","0.0","0.0","0:00","0.0","0:00","No","12:23.97","1","0.0","00:00:00","00:12:24","75","81"
Running,2021-09-16 08:10:23,false,"Toronto Running","2.24","131","00:13:23","122","138","159","220","5:59","4:28","3","7","1.05","0.0","0.0","0.0","0.0","0.0","0:00","0.0","0:00","No","13:23.22","1","0.0","00:00:00","00:13:23","75","82"
Running,2021-09-15 07:56:56,false,"Toronto Running","2.14","119","00:13:37","113","126","160","176","6:22","5:09","3","6","0.98","0.0","0.0","0.0","0.0","0.0","0:00","0.0","0:00","No","13:36.84","1","0.0","00:00:00","00:13:37","75","81"
Running,2021-09-14 17:14:00,false,"Toronto Running","4.46","296","00:21:33","151","177","168","186","4:50","4:03","3","6","1.24","0.0","0.0","0.0","0.0","0.0","0:00","0.0","0:00","No","21:32.74","1","0.0","00:00:00","00:21:34","75","81"
Running,2021-09-13 17:20:06,false,"Toronto Running","2.54","155","00:18:44","109","128","147","206","7:23","5:14","3","6","0.92","0.0","0.0","0.0","0.0","0.0","0:00","0.0","0:00","No","18:43.59","1","0.0","00:00:00","00:18:44","75","81"
Running,2021-09-12 09:01:18,false,"Toronto Running","5.18","331","00:29:09","132","152","165","176","5:38","5:02","3","7","1.08","0.0","0.0","0.0","0.0","0.0","0:00","0.0","0:00","No","29:09.09","1","0.0","00:00:00","00:29:09","69","82"
Running,2021-09-11 08:55:03,false,"Toronto Running","2.04","130","00:11:53","129","142","151","173","5:49","4:57","3","6","1.14","0.0","0.0","0.0","0.0","0.0","0:00","0.0","0:00","No","11:53.31","1","0.0","00:00:00","00:11:53","75","81"
Running,2021-09-10 16:16:16,false,"Toronto Running","4.46","297","00:21:40","150","179","171","190","4:51","4:01","18","21","1.21","0.0","0.0","0.0","0.0","0.0","0:00","0.0","0:00","No","21:40.03","1","0.0","00:00:00","00:22:35","75","89"
Running,2021-09-09 07:58:24,false,"Toronto Running","2.16","128","00:13:07","121","130","161","174","6:05","4:43","3","7","1.02","0.0","0.0","0.0","0.0","0.0","0:00","0.0","0:00","No","13:07.46","1","0.0","00:00:00","00:13:07","75","82"
Running,2021-09-08 16:51:57,false,"Toronto Running","2.27","159","00:12:33","141","166","147","176","5:32","4:22","7","2","1.23","0.0","0.0","0.0","0.0","0.0","0:00","0.0","0:00","No","12:32.56","1","0.0","00:00:00","00:12:33","78","87"
Running,2021-09-07 21:32:13,false,"Toronto Running","2.02","141","00:11:00","142","174","154","175","5:27","4:34","3","7","1.19","0.0","0.0","0.0","0.0","0.0","0:00","0.0","0:00","No","10:59.87","1","0.0","00:00:00","00:11:00","75","82"
Running,2021-09-06 09:02:16,false,"Toronto Running","5.25","348","00:25:36","148","177","170","182","4:53","3:59","6","8","1.21","0.0","0.0","0.0","0.0","0.0","0:00","0.0","0:00","No","25:36.11","1","0.0","00:00:00","00:25:36","76","121"
Running,2021-09-05 08:08:43,false,"Toronto Running","2.27","183","00:16:21","132","157","151","188","7:12","4:54","147","141","0.92","0.0","0.0","0.0","0.0","0.0","0:00","0.0","0:00","No","16:20.68","1","0.0","00:00:00","00:16:34","78","221"
Running,2021-09-04 20:52:15,false,"Toronto Running","2.63","169","00:16:53","125","141","157","188","6:25","3:35","3","7","0.99","0.0","0.0","0.0","0.0","0.0","0:00","0.0","0:00","No","16:53.35","1","0.0","00:00:00","00:16:53","75","82"
Running,2021-09-03 17:21:38,false,"Toronto Running","5.41","382","00:27:29","153","172","163","180","5:05","4:18","3","6","1.20","0.0","0.0","0.0","0.0","0.0","0:00","0.0","0:00","No","27:28.95","1","0.0","00:00:00","00:30:30","75","81"
Running,2021-09-02 07:51:17,false,"Toronto Running","2.91","188","00:18:24","126","145","161","175","6:20","4:45","3","6","0.98","0.0","0.0","0.0","0.0","0.0","0:00","0.0","0:00","No","18:23.96","1","0.0","00:00:00","00:18:24","75","81"
Running,2021-09-01 08:15:00,false,"Toronto Running","1.03","69","00:06:09.4","130","150","163","171","5:58","4:52","66","71","1.03","0.0","0.0","0.0","0.0","0.0","0:00","0.0","0:00","No","06:09.42","1","0.0","00:00:00","00:06:09.4","81","153"
Running,2021-09-01 07:44:55,false,"Toronto Running","1.08","72","00:07:00.9","124","139","157","173","6:30","5:08","56","51","0.98","0.0","0.0","0.0","0.0","0.0","0:00","0.0","0:00","No","07:00.89","1","0.0","00:00:00","00:07:00.9","82","133"
Running,2021-08-31 07:52:56,false,"Toronto Running","2.64","172","00:14:48","133","158","157","182","5:36","4:14","6","6","1.14","0.0","0.0","0.0","0.0","0.0","0:00","0.0","0:00","No","14:48.14","1","0.0","00:00:00","00:14:48","75","81"
Running,2021-08-30 17:26:45,false,"Toronto Running","2.06","124","00:12:51","121","135","154","171","6:14","5:35","6","3","1.04","0.0","0.0","0.0","0.0","0.0","0:00","0.0","0:00","No","12:51.02","1","0.0","00:00:00","00:12:51","78","86"
Running,2021-08-29 21:40:50,false,"Toronto Running","2.19","137","00:14:10","122","131","167","174","6:27","5:26","3","6","0.93","0.0","0.0","0.0","0.0","0.0","0:00","0.0","0:00","No","14:09.59","1","0.0","00:00:00","00:14:10","75","81"
Running,2021-08-28 11:52:03,false,"Trent Hills Running","2.75","189","00:15:16","137","155","165","242","5:33","4:59","5","1","1.09","0.0","0.0","0.0","0.0","0.0","0:00","0.0","0:00","No","15:16.12","1","0.0","00:00:00","00:15:16","185","192"
Running,2021-08-27 07:45:20,false,"Toronto Running","2.04","135","00:14:08","120","135","160","180","6:56","5:24","3","7","0.90","0.0","0.0","0.0","0.0","0.0","0:00","0.0","0:00","No","14:08.38","1","0.0","00:00:00","00:14:08","75","82"
Running,2021-08-26 16:58:20,false,"Toronto Running","2.01","144","00:12:53","128","158","152","176","6:26","4:48","5","2","1.02","0.0","0.0","0.0","0.0","0.0","0:00","0.0","0:00","No","12:53.46","1","0.0","00:00:00","00:12:53","78","86"
Running,2021-08-25 17:12:41,false,"Toronto - Time Trial","4.01","283","00:21:17","149","185","167","192","5:18","3:31","2","7","1.12","0.0","0.0","0.0","0.0","0.0","0:00","0.0","0:00","No","00:11.77","5","0.0","00:00:00","00:21:22","75","88"
Cycling,2021-08-24 18:23:28,false,"Toronto Cycling","5.93","192","00:19:21","124","172","--","--","18.4","32.1","--","5","0.00","0.0","0.0","0.0","0.0","0.0","0:00","0.0","0:00","No","04:44.26","2","0.0","00:00:00","00:19:22","75","80"
Running,2021-08-24 07:47:34,false,"Toronto Running","2.02","115","00:13:15","112","122","161","178","6:34","4:21","3","6","0.94","0.0","0.0","0.0","0.0","0.0","0:00","0.0","0:00","No","13:15.39","1","0.0","00:00:00","00:13:15","75","81"
Running,2021-08-23 16:37:49,false,"Toronto - Easy Run","4.54","305","00:25:15","138","160","167","182","5:34","4:24","20","21","1.09","0.0","0.0","0.0","0.0","0.0","0:00","0.0","0:00","No","02:00.00","3","0.0","00:00:00","00:25:18","75","94"
Running,2021-08-22 08:13:03,false,"Toronto Running","2.01","127","00:11:52","127","144","158","173","5:55","5:05","3","6","1.07","0.0","0.0","0.0","0.0","0.0","0:00","0.0","0:00","No","11:51.51","1","0.0","00:00:00","00:11:52","75","81"
Running,2021-08-21 08:16:31,false,"Toronto Running","2.00","141","00:12:17","132","144","161","173","6:08","5:14","3","7","1.01","0.0","0.0","0.0","0.0","0.0","0:00","0.0","0:00","No","12:16.53","1","0.0","00:00:00","00:12:17","75","82"
Running,2021-08-20 17:13:39,false,"Toronto - Tempo Run","4.48","305","00:23:48","147","180","164","190","5:19","3:57","5","6","1.13","0.0","0.0","0.0","0.0","0.0","0:00","0.0","0:00","No","02:00.00","5","0.0","00:00:00","00:25:52","75","81"
Running,2021-08-19 08:16:46,false,"Toronto Running","2.18","148","00:12:16","134","151","158","173","5:37","4:49","3","6","1.13","0.0","0.0","0.0","0.0","0.0","0:00","0.0","0:00","No","12:15.61","1","0.0","00:00:00","00:12:16","75","81"
Running,2021-08-18 17:06:31,false,"Toronto Running","2.19","148","00:12:19","135","155","155","200","5:37","3:52","3","6","1.15","0.0","0.0","0.0","0.0","0.0","0:00","0.0","0:00","No","12:19.39","1","0.0","00:00:00","00:12:19","75","81"
Running,2021-08-17 16:57:35,false,"Toronto - Speed Repeats","6.36","445","00:35:37","149","191","148","215","5:36","3:11","4","7","1.16","0.0","0.0","0.0","0.0","0.0","0:00","0.0","0:00","No","02:00.00","12","0.0","00:00:00","00:35:37","75","81"
Running,2021-08-16 17:27:23,false,"Toronto Running","3.19","199","00:14:35","151","180","169","180","4:34","4:02","3","6","1.30","0.0","0.0","0.0","0.0","0.0","0:00","0.0","0:00","No","14:34.97","1","0.0","00:00:00","00:14:35","75","81"
Running,2021-08-15 16:45:57,false,"Toronto - Run","8.58","541","00:46:36","138","160","165","209","5:26","4:44","5","6","1.12","0.0","0.0","0.0","0.0","0.0","0:00","0.0","0:00","No","02:00.00","3","0.0","00:00:00","00:47:55","73","81"
Running,2021-08-14 08:19:07,false,"Blue Mountains Running","3.15","216","00:17:31","138","148","163","173","5:33","5:01","13","16","1.11","0.0","0.0","0.0","0.0","0.0","0:00","0.0","0:00","No","17:30.68","1","0.0","00:00:00","00:17:31","222","239"
Running,2021-08-13 07:16:40,false,"Toronto Running","2.12","122","00:11:59","124","150","157","169","5:39","4:21","3","6","1.13","0.0","0.0","0.0","0.0","0.0","0:00","0.0","0:00","No","11:59.34","1","0.0","00:00:00","00:11:59","75","90"
Running,2021-08-12 07:32:08,false,"Toronto Running","6.01","411","00:33:35","140","154","161","176","5:36","3:46","3","7","1.11","0.0","0.0","0.0","0.0","0.0","0:00","0.0","0:00","No","33:35.02","1","0.0","00:00:00","00:33:35","75","82"
Running,2021-08-11 20:02:53,false,"Toronto Running","2.26","147","00:11:12","144","166","159","171","4:57","4:15","3","6","1.27","0.0","0.0","0.0","0.0","0.0","0:00","0.0","0:00","No","11:11.96","1","0.0","00:00:00","00:11:12","75","81"
Running,2021-08-10 17:15:32,false,"Toronto Running","3.20","216","00:16:58","141","163","154","173","5:19","3:27","3","7","1.22","0.0","0.0","0.0","0.0","0.0","0:00","0.0","0:00","No","16:58.20","1","0.0","00:16:08","00:16:58","75","82"
Running,2021-08-09 16:33:42,false,"Toronto - Benchmark Run","3.73","249","00:17:24","157","180","166","184","4:40","3:17","3","7","1.27","0.0","0.0","0.0","0.0","0.0","0:00","0.0","0:00","No","02:00.00","4","0.0","00:17:19","00:17:30","75","82"
Running,2021-08-08 12:03:48,false,"Toronto Running","6.10","417","00:31:02","148","174","160","176","5:05","4:17","3","7","1.23","0.0","0.0","0.0","0.0","0.0","0:00","0.0","0:00","No","31:01.63","1","0.0","00:29:32","00:31:02","71","82"
Running,2021-08-07 08:52:47,false,"Toronto Running","2.34","155","00:13:22","131","150","157","173","5:43","4:44","3","6","1.11","0.0","0.0","0.0","0.0","0.0","0:00","0.0","0:00","No","13:21.98","1","0.0","00:13:01","00:13:22","75","82"
Running,2021-08-06 17:09:03,false,"Toronto Running","3.27","222","00:18:43","136","166","148","169","5:44","4:39","4","6","1.18","0.0","0.0","0.0","0.0","0.0","0:00","0.0","0:00","No","18:42.50","1","0.0","00:16:57","00:18:43","75","81"
Running,2021-08-05 07:50:25,false,"Toronto Running","3.47","229","00:18:15","140","170","158","173","5:15","0:35","3","8","1.20","0.0","0.0","0.0","0.0","0.0","0:00","0.0","0:00","No","18:14.67","1","0.0","00:18:13","00:18:15","75","83"
Running,2021-08-04 17:17:45,false,"Parry Sound District Running","6.90","384","00:31:04","142","164","141","231","4:30","0:48","28,180","28,348","1.57","0.0","0.0","0.0","0.0","0.0","0:00","0.0","0:00","No","31:04.21","1","0.0","00:26:32","00:31:04","76","6,123"
Running,2021-08-03 20:00:36,false,"Running","2.08","156","00:10:14","165","185","171","182","4:56","3:57","--","--","1.19","0.0","0.0","0.0","0.0","0.0","0:00","0.0","0:00","No","10:14.04","1","0.0","00:10:11","00:10:14","--","--"
Other,2021-08-02 14:25:16,false,"Nipissing District Other","5.59","417","01:14:07","103","129","2","150","4.5","9.5","25","35","34.28","0.0","0.0","0.0","0.0","0.0","0:00","0.0","0:00","No","09:40.05","2","0.0","01:09:17","01:14:11","436","447"
Running,2021-08-02 14:05:20,false,"Nipissing District Running","0.28","46","00:08:34.3","92","116","43","135","30:25","11:18","4","5","0.77","0.0","0.0","0.0","0.0","0.0","0:00","0.0","0:00","No","08:34.30","1","0.0","00:03:27","00:08:34.3","443","450"
Running,2021-08-02 13:31:46,false,"Nipissing District Running","0.38","52","00:09:25.7","96","125","41","158","24:37","14:46","13","10","0.98","0.0","0.0","0.0","0.0","0.0","0:00","0.0","0:00","No","09:25.66","1","0.0","00:07:58","00:09:25.7","446","460"
Running,2021-08-02 12:46:18,false,"Nipissing District Running","0.45","89","00:11:55","107","129","25","138","26:27","13:58","15","12","1.51","0.0","0.0","0.0","0.0","0.0","0:00","0.0","0:00","No","11:55.19","1","0.0","00:03:38","00:11:55","451","466"
Running,2021-08-02 11:24:34,false,"Nipissing District Running","0.42","44","00:07:39.3","103","121","66","125","18:25","7:21","3","12","0.82","0.0","0.0","0.0","0.0","0.0","0:00","0.0","0:00","No","07:39.35","1","0.0","00:06:39","00:07:39.3","449","463"
Running,2021-08-02 10:42:54,false,"Nipissing District Running","0.61","90","00:13:49","104","125","36","147","22:37","6:35","14","15","1.22","0.0","0.0","0.0","0.0","0.0","0:00","0.0","0:00","No","13:48.57","1","0.0","00:09:52","00:13:49","462","476"
Cycling,2021-08-01 18:33:35,false,"Nipissing District Cycling","0.07","3","00:00:39.5","92","101","--","--","6.3","11.6","--","--","0.00","0.0","0.0","0.0","0.0","0.0","0:00","0.0","0:00","No","00:39.47","1","0.0","00:00:39.5","00:00:39.5","453","453"
Running,2021-08-01 12:58:53,false,"Nipissing District Running","0.47","63","00:12:09","94","120","26","134","25:43","12:19","26","10","1.48","0.0","0.0","0.0","0.0","0.0","0:00","0.0","0:00","No","12:09.47","1","0.0","00:08:06","00:12:09","455","482"
Running,2021-08-01 12:17:53,false,"Nipissing District Running","0.35","65","00:10:09","104","118","34","158","28:59","11:06","367","8","1.02","0.0","0.0","0.0","0.0","0.0","0:00","0.0","0:00","No","10:08.55","1","0.0","00:03:58","00:10:09","100","468"
Running,2021-07-31 04:00:01,false,"Toronto Running","2.18","144","00:11:38","138","156","164","173","5:20","4:05","34","6","1.14","0.0","0.0","0.0","0.0","0.0","0:00","0.0","0:00","No","11:38.32","1","0.0","00:11:38","00:11:38","50","82"
Running,2021-07-30 17:29:24,false,"Toronto Running","5.96","402","00:31:24","144","163","166","206","5:16","4:04","3","7","1.14","0.0","0.0","0.0","0.0","0.0","0:00","0.0","0:00","No","31:24.09","1","0.0","00:30:56","00:31:24","75","100"
Running,2021-07-29 17:19:28,false,"Toronto Running","5.47","341","00:30:07","135","160","158","186","5:30","3:51","106","108","1.15","0.0","0.0","0.0","0.0","0.0","0:00","0.0","0:00","No","30:07.40","1","0.0","00:28:48","00:30:07","75","160"
Running,2021-07-28 17:22:36,false,"Toronto Running","8.01","550","00:43:33","143","174","161","184","5:26","3:54","3","7","1.14","0.0","0.0","0.0","0.0","0.0","0:00","0.0","0:00","No","43:33.40","1","0.0","00:42:12","00:43:33","75","82"
Running,2021-07-27 20:30:31,false,"Mississauga Running","2.50","165","00:17:34","121","145","141","231","7:01","4:57","2","3","1.01","0.0","0.0","0.0","0.0","0.0","0:00","0.0","0:00","No","17:34.13","1","0.0","00:16:52","00:17:38","182","208"
Running,2021-07-26 17:25:36,false,"Toronto Running","7.39","541","00:36:18","162","191","163","188","4:55","3:37","10","12","1.25","0.0","0.0","0.0","0.0","0.0","0:00","0.0","0:00","No","36:17.68","1","0.0","00:34:42","00:36:18","75","93"
Running,2021-07-25 19:23:13,false,"Toronto Running","2.77","192","00:15:54","135","154","156","200","5:44","4:41","3","6","1.12","0.0","0.0","0.0","0.0","0.0","0:00","0.0","0:00","No","15:53.72","1","0.0","00:15:14","00:15:54","75","82"
Running,2021-07-24 18:19:28,false,"Toronto Running","5.88","390","00:33:34","136","156","156","184","5:42","4:13","4","6","1.12","0.0","0.0","0.0","0.0","0.0","0:00","0.0","0:00","No","33:33.69","1","0.0","00:32:29","00:33:34","75","84"
Running,2021-07-23 18:17:04,false,"Toronto Running","6.00","421","00:32:17","146","173","161","174","5:23","4:07","4","7","1.16","0.0","0.0","0.0","0.0","0.0","0:00","0.0","0:00","No","32:17.38","1","0.0","00:31:24","00:32:38","75","87"
Running,2021-07-22 17:29:37,false,"Toronto Running","1.09","71","00:06:26.7","127","145","154","169","5:55","5:12","--","4","1.09","0.0","0.0","0.0","0.0","0.0","0:00","0.0","0:00","No","06:26.65","1","0.0","00:05:54","00:06:26.7","82","87"
Running,2021-07-22 17:13:18,false,"Toronto Running","1.05","70","00:07:02.2","121","134","145","167","6:43","4:42","439","347","1.02","0.0","0.0","0.0","0.0","0.0","0:00","0.0","0:00","No","07:02.23","1","0.0","00:06:42","00:07:02.2","82","176"
Running,2021-07-21 18:52:41,false,"Toronto Running","7.19","497","00:35:36","154","185","160","186","4:57","4:00","9","11","1.27","0.0","0.0","0.0","0.0","0.0","0:00","0.0","0:00","No","35:36.32","1","0.0","00:33:12","00:47:20","75","104"
Running,2021-07-20 19:01:24,false,"Toronto Running","3.27","207","00:19:26","126","150","149","173","5:56","4:05","4","6","1.13","0.0","0.0","0.0","0.0","0.0","0:00","0.0","0:00","No","19:26.02","1","0.0","00:17:28","00:19:26","75","110"
Running,2021-07-19 18:18:23,false,"Toronto Running","8.51","555","00:49:06","137","162","160","176","5:46","4:02","4","6","1.08","0.0","0.0","0.0","0.0","0.0","0:00","0.0","0:00","No","49:06.47","1","0.0","00:46:48","00:49:06","75","93"
Running,2021-07-18 21:46:26,false,"Toronto Running","2.25","144","00:12:29","133","146","162","173","5:32","5:07","3","136","1.12","0.0","0.0","0.0","0.0","0.0","0:00","0.0","0:00","No","12:28.52","1","0.0","00:12:29","00:12:29","75","211"
Running,2021-07-17 20:00:39,false,"Clarington Running","2.05","179","00:15:20","136","153","161","173","7:29","4:36","13","13","0.83","0.0","0.0","0.0","0.0","0.0","0:00","0.0","0:00","No","15:19.81","1","0.0","00:15:13","00:15:20","86","91"
Running,2021-07-16 08:35:46,false,"Toronto Running","1.44","97","00:08:04.9","136","168","128","226","5:37","1:02","5","--","1.39","0.0","0.0","0.0","0.0","0.0","0:00","0.0","0:00","No","08:04.91","1","0.0","00:06:25","00:08:04.9","75","81"
Running,2021-07-16 07:55:15,false,"Toronto Running","1.35","83","00:06:15.0","144","159","162","198","4:37","3:11","--","5","1.34","0.0","0.0","0.0","0.0","0.0","0:00","0.0","0:00","No","06:14.96","1","0.0","00:06:01","00:06:15.0","77","82"
Running,2021-07-15 07:24:19,false,"Toronto Running","4.08","275","00:24:30","132","149","156","179","6:01","4:31","20","23","1.07","0.0","0.0","0.0","0.0","0.0","0:00","0.0","0:00","No","24:29.91","1","0.0","00:23:17","00:24:30","75","92"
Running,2021-07-14 17:31:55,false,"Toronto Running","7.73","559","00:42:08","146","167","158","178","5:27","3:53","3","6","1.16","0.0","0.0","0.0","0.0","0.0","0:00","0.0","0:00","No","42:07.99","1","0.0","00:40:32","00:43:46","75","81"
Running,2021-07-13 17:29:52,false,"Toronto Running","12.03","839","01:04:31","145","170","165","174","5:22","0:42","24","25","1.13","0.0","0.0","0.0","0.0","0.0","0:00","0.0","0:00","No","01:04:31.46","1","0.0","01:04:31","01:04:31","75","107"
Running,2021-07-12 17:22:02,false,"Toronto Running","6.35","445","00:35:17","140","160","158","176","5:33","4:00","3","7","1.14","0.0","0.0","0.0","0.0","0.0","0:00","0.0","0:00","No","35:17.27","1","0.0","00:33:38","00:35:17","75","82"
Running,2021-07-11 10:55:03,false,"Toronto Running","0.89","56","00:05:24.0","124","135","162","167","6:04","5:27","--","2","1.02","0.0","0.0","0.0","0.0","0.0","0:00","0.0","0:00","No","05:23.95","1","0.0","00:05:24.0","00:05:24.0","75","126"
Running,2021-07-11 10:16:06,false,"Toronto Running","3.25","232","00:19:20","136","157","162","192","5:57","3:28","--","--","1.04","0.0","0.0","0.0","0.0","0.0","0:00","0.0","0:00","No","19:20.18","1","0.0","00:19:20","00:19:20","75","76"
Running,2021-07-10 08:11:58,false,"Toronto Running","3.63","259","00:19:40","142","157","161","174","5:26","4:18","30","31","1.14","0.0","0.0","0.0","0.0","0.0","0:00","0.0","0:00","No","19:40.20","1","0.0","00:18:47","00:19:40","73","99"
Running,2021-07-09 17:02:52,false,"Toronto Running","7.30","497","00:38:29","144","182","159","244","5:16","2:00","34","35","1.19","0.0","0.0","0.0","0.0","0.0","0:00","0.0","0:00","No","38:28.72","1","0.0","00:36:48","00:42:54","77","107"
Running,2021-07-08 17:22:13,false,"Toronto Running","10.02","630","00:59:41","131","150","161","190","5:57","3:37","7","5","1.04","0.0","0.0","0.0","0.0","0.0","0:00","0.0","0:00","No","59:41.49","1","0.0","00:57:02","00:59:53","75","97"
Running,2021-07-07 17:48:19,false,"Toronto Running","6.16","411","00:27:54","156","181","172","192","4:32","1:33","3","7","1.28","0.0","0.0","0.0","0.0","0.0","0:00","0.0","0:00","No","27:54.22","1","0.0","00:27:04","00:27:54","75","85"
Running,2021-07-06 17:39:13,false,"Toronto Running","5.53","420","00:31:05","148","181","146","184","5:37","4:03","43","45","1.22","0.0","0.0","0.0","0.0","0.0","0:00","0.0","0:00","No","31:04.81","1","0.0","00:27:26","00:31:26","77","121"
Walking,2021-07-05 16:41:06,false,"Blue Mountains Walking","4.03","353","01:22:38","90","129","54","188","20:30","1:22","66","82","0.93","0.0","0.0","0.0","0.0","0.0","0:00","0.0","0:00","No","00:02.01","5","0.0","00:55:35","02:02:57","304","384"
Running,2021-07-05 08:08:52,false,"Blue Mountains Running","2.00","140","00:16:40","111","126","144","171","8:19","6:01","11","9","0.83","0.0","0.0","0.0","0.0","0.0","0:00","0.0","0:00","No","16:39.76","1","0.0","00:15:59","00:16:40","210","222"
Running,2021-07-04 08:11:06,false,"Toronto Running","0.41","12","00:01:09.1","125","148","201","223","2:48","2:35","--","--","1.77","0.0","0.0","0.0","0.0","0.0","0:00","0.0","0:00","No","01:09.07","1","0.0","00:01:05","00:01:09.1","75","77"
Running,2021-07-04 07:59:26,false,"Toronto Running","1.65","89","00:06:23.5","148","165","184","200","3:52","3:24","2","--","1.40","0.0","0.0","0.0","0.0","0.0","0:00","0.0","0:00","No","06:23.51","1","0.0","00:06:19","00:06:23.5","75","77"
Running,2021-07-04 07:47:54,false,"Toronto Running","1.37","92","00:07:50.9","132","148","162","174","5:43","4:50","--","--","1.09","0.0","0.0","0.0","0.0","0.0","0:00","0.0","0:00","No","00:05.48","2","0.0","00:07:43","00:11:16","75","77"
Running,2021-07-03 07:27:24,false,"Toronto Running","2.67","173","00:13:56","136","146","165","174","5:13","4:51","3","7","1.16","0.0","0.0","0.0","0.0","0.0","0:00","0.0","0:00","No","13:56.15","1","0.0","00:13:50","00:13:56","75","82"
Running,2021-07-02 17:34:47,false,"Toronto Running","4.51","303","00:22:37","144","164","167","184","5:01","4:13","3","6","1.19","0.0","0.0","0.0","0.0","0.0","0:00","0.0","0:00","No","22:36.94","1","0.0","00:22:10","00:22:37","75","83"
Running,2021-07-01 07:44:04,false,"Toronto Running","2.12","128","00:12:20","124","139","163","169","5:49","5:24","3","6","1.06","0.0","0.0","0.0","0.0","0.0","0:00","0.0","0:00","No","12:19.84","1","0.0","00:12:15","00:12:20","75","81"
Running,2021-06-30 07:48:08,false,"Toronto Running","8.01","573","00:41:02","150","172","168","182","5:07","4:16","3","7","1.16","0.0","0.0","0.0","0.0","0.0","0:00","0.0","0:00","No","41:01.50","1","0.0","00:40:29","00:41:02","75","83"
Running,2021-06-29 17:07:20,false,"Toronto Running","6.62","433","00:34:01","141","168","163","190","5:08","3:49","5","9","1.19","0.0","0.0","0.0","0.0","0.0","0:00","0.0","0:00","No","34:01.05","1","0.0","00:33:25","00:34:01","75","82"
Running,2021-06-28 08:06:22,false,"Toronto Running","6.21","476","00:32:43","155","167","167","204","5:16","4:22","3","6","1.14","0.0","0.0","0.0","0.0","0.0","0:00","0.0","0:00","No","32:43.39","1","0.0","00:32:05","00:32:43","75","82"
Running,2021-06-27 08:18:06,false,"Toronto Running","4.27","329","00:24:08","147","171","164","231","5:39","4:42","6","7","1.08","0.0","0.0","0.0","0.0","0.0","0:00","0.0","0:00","No","24:07.62","1","0.0","00:23:46","00:24:08","70","81"
Running,2021-06-26 15:43:15,false,"Toronto Running","8.01","609","00:41:52","153","169","168","180","5:14","3:57","3","6","1.14","0.0","0.0","0.0","0.0","0.0","0:00","0.0","0:00","No","41:52.48","1","0.0","00:40:58","00:41:52","75","81"
Running,2021-06-25 17:15:24,false,"Toronto Running","5.90","472","00:30:23","162","181","167","217","5:09","4:15","4","6","1.16","0.0","0.0","0.0","0.0","0.0","0:00","0.0","0:00","No","30:23.44","1","0.0","00:30:06","00:30:23","75","90"
Running,2021-06-24 17:35:24,false,"Toronto Running","6.29","422","00:30:48","146","172","170","206","4:54","3:16","5","6","1.20","0.0","0.0","0.0","0.0","0.0","0:00","0.0","0:00","No","30:48.43","1","0.0","00:30:19","00:31:03","75","93"
Running,2021-06-23 19:43:42,false,"Toronto Running","6.39","420","00:33:39","140","167","168","188","5:16","3:55","3","6","1.13","0.0","0.0","0.0","0.0","0.0","0:00","0.0","0:00","No","33:39.25","1","0.0","00:32:41","00:33:39","73","82"
Running,2021-06-22 17:08:14,false,"Toronto Running","8.04","541","00:43:32","141","170","160","215","5:25","4:00","3","6","1.15","0.0","0.0","0.0","0.0","0.0","0:00","0.0","0:00","No","43:31.97","1","0.0","00:40:52","00:44:13","75","81"
Running,2021-06-21 07:51:38,false,"Toronto Running","5.09","367","00:27:07","146","163","165","182","5:20","4:13","4","7","1.14","0.0","0.0","0.0","0.0","0.0","0:00","0.0","0:00","No","27:07.36","1","0.0","00:26:35","00:27:07","66","82"
Running,2021-06-20 09:18:26,false,"Toronto Running","6.03","431","00:46:05","123","176","134","190","7:38","3:54","--","--","0.98","0.0","0.0","0.0","0.0","0.0","0:00","0.0","0:00","No","46:04.67","1","0.0","00:38:43","00:46:05","75","75"
Running,2021-06-19 08:02:19,false,"Toronto Running","5.46","343","00:33:22","127","142","161","174","6:07","4:57","6","315","1.02","0.0","0.0","0.0","0.0","0.0","0:00","0.0","0:00","No","33:22.47","1","0.0","00:32:26","00:33:22","75","388"
Running,2021-06-18 17:27:21,false,"Toronto Running","6.26","412","00:33:55","138","153","167","180","5:25","4:41","4","6","1.10","0.0","0.0","0.0","0.0","0.0","0:00","0.0","0:00","No","33:55.45","1","0.0","00:33:35","00:33:55","75","86"
Running,2021-06-17 17:36:23,false,"Toronto Running","13.55","942","01:13:49","147","168","157","186","5:27","4:17","19","22","1.17","0.0","0.0","0.0","0.0","0.0","0:00","0.0","0:00","No","01:13:48.80","1","0.0","01:07:38","01:13:49","75","91"
Running,2021-06-16 08:04:51,false,"Toronto Running","5.09","370","00:29:27","141","154","157","180","5:47","4:37","6","6","1.10","0.0","0.0","0.0","0.0","0.0","0:00","0.0","0:00","No","29:26.66","1","0.0","00:27:25","00:29:27","70","81"
Running,2021-06-15 16:38:08,false,"Toronto Running","8.08","585","00:41:09","153","174","165","226","5:06","3:33","4","6","1.19","0.0","0.0","0.0","0.0","0.0","0:00","0.0","0:00","No","41:09.17","1","0.0","00:38:46","00:41:09","75","112"
Running,2021-06-14 17:55:00,false,"Toronto Running","10.62","755","00:52:05","155","178","171","198","4:54","3:18","3","7","1.19","0.0","0.0","0.0","0.0","0.0","0:00","0.0","0:00","No","52:05.00","1","0.0","00:50:15","00:52:41","75","83"
Running,2021-06-13 18:30:39,false,"Toronto Running","5.73","415","00:33:51","139","167","150","186","5:54","4:23","127","117","1.13","0.0","0.0","0.0","0.0","0.0","0:00","0.0","0:00","No","33:50.68","1","0.0","00:32:14","00:33:51","75","147"
Walking,2021-06-12 16:50:52,false,"Trent Hills Walking","4.87","369","01:19:35","94","113","78","176","16:21","7:23","79","79","0.79","0.0","0.0","0.0","0.0","0.0","0:00","0.0","0:00","No","13:47.02","5","0.0","01:11:22","01:19:42","133","192"
Running,2021-06-12 10:14:45,false,"Trent Hills Running","4.01","296","00:22:23","141","158","173","180","5:35","4:50","18","14","1.04","0.0","0.0","0.0","0.0","0.0","0:00","0.0","0:00","No","22:22.93","1","0.0","00:22:15","00:22:23","137","149"
Running,2021-06-11 06:51:41,false,"Toronto Running","7.73","551","00:42:06","144","161","170","215","5:27","4:27","24","26","1.08","0.0","0.0","0.0","0.0","0.0","0:00","0.0","0:00","No","04:29.90","2","0.0","00:40:41","00:42:06","75","95"
Running,2021-06-10 12:22:24,false,"Toronto Running","5.42","380","00:29:37","145","167","159","200","5:28","4:15","6","6","1.15","0.0","0.0","0.0","0.0","0.0","0:00","0.0","0:00","No","29:36.92","1","0.0","00:27:15","00:29:37","59","107"
Running,2021-06-09 11:41:59,false,"Toronto Running","6.40","479","00:31:26","160","182","177","192","4:55","4:06","5","8","1.15","0.0","0.0","0.0","0.0","0.0","0:00","0.0","0:00","No","31:26.19","1","0.0","00:31:00","00:31:26","75","84"
Running,2021-06-08 17:09:15,false,"Toronto Running","5.50","359","00:28:23","141","174","170","195","5:10","4:05","43","46","1.14","0.0","0.0","0.0","0.0","0.0","0:00","0.0","0:00","No","28:22.83","1","0.0","00:28:04","00:28:23","76","120"
Running,2021-06-07 17:43:05,false,"Toronto Running","7.41","578","00:42:05","150","177","162","188","5:41","4:26","--","6","1.09","0.0","0.0","0.0","0.0","0.0","0:00","0.0","0:00","No","42:04.92","1","0.0","00:38:56","00:42:05","73","81"
Running,2021-06-06 08:23:29,false,"Toronto Running","4.51","311","00:25:50","136","147","173","182","5:44","5:06","3","6","1.01","0.0","0.0","0.0","0.0","0.0","0:00","0.0","0:00","No","25:49.57","1","0.0","00:25:28","00:25:50","75","82"
Running,2021-06-05 09:05:27,false,"Toronto Running","6.33","490","00:37:33","144","169","171","192","5:56","4:19","3","6","0.99","0.0","0.0","0.0","0.0","0.0","0:00","0.0","0:00","No","37:33.31","1","0.0","00:36:36","00:37:33","69","81"
Running,2021-06-04 17:18:23,false,"Toronto Running","10.79","795","01:00:21","147","171","164","198","5:36","3:33","27","30","1.09","0.0","0.0","0.0","0.0","0.0","0:00","0.0","0:00","No","01:00:20.87","1","0.0","00:55:44","01:00:21","75","99"
Running,2021-06-03 17:14:19,false,"Toronto Running","13.23","931","01:12:13","146","165","167","237","5:28","3:53","20","23","1.10","0.0","0.0","0.0","0.0","0.0","0:00","0.0","0:00","No","01:12:12.99","1","0.0","01:07:07","01:12:13","75","92"
Running,2021-06-02 18:09:16,false,"Toronto Running","4.01","277","00:21:30","140","155","177","186","5:21","4:49","--","12","1.05","0.0","0.0","0.0","0.0","0.0","0:00","0.0","0:00","No","21:29.54","1","0.0","00:21:30","00:21:30","75","87"
Cycling,2021-06-01 19:06:00,false,"Toronto Cycling","3.42","98","00:13:29","107","123","--","--","15.2","28.3","7","--","0.00","0.0","0.0","0.0","0.0","0.0","0:00","0.0","0:00","No","13:28.53","1","0.0","00:12:02","00:13:29","75","83"
Running,2021-06-01 17:57:17,false,"Toronto Running","7.55","550","00:40:59","145","168","176","192","5:26","4:38","--","--","1.05","0.0","0.0","0.0","0.0","0.0","0:00","0.0","0:00","No","40:58.87","1","0.0","00:40:22","00:40:59","75","75"
Running,2021-05-31 17:34:43,false,"Toronto Running","8.50","595","00:43:26","149","181","169","200","5:07","2:12","31","35","1.16","0.0","0.0","0.0","0.0","0.0","0:00","0.0","0:00","No","43:25.53","1","0.0","00:40:12","00:43:26","75","100"
Running,2021-05-30 09:13:33,false,"Toronto - 5k Speed","7.12","502","00:43:44","142","185","133","200","6:08","3:22","3","2","1.24","0.0","0.0","0.0","0.0","0.0","0:00","0.0","0:00","No","00:12.75","16","0.0","00:33:21","00:43:44","75","77"
Running,2021-05-29 13:58:49,false,"Toronto Running","1.09","72","00:05:10.6","150","173","169","192","4:46","3:41","38","36","1.24","0.0","0.0","0.0","0.0","0.0","0:00","0.0","0:00","No","05:10.57","1","0.0","00:04:47","00:05:10.6","80","118"
Running,2021-05-29 13:39:59,false,"Toronto Running","2.00","149","00:11:56","137","149","155","194","5:58","3:34","2","2","1.08","0.0","0.0","0.0","0.0","0.0","0:00","0.0","0:00","No","11:56.03","1","0.0","00:10:31","00:11:56","79","82"
Running,2021-05-29 10:28:45,false,"Toronto Running","3.84","260","00:19:27","145","173","168","190","5:04","4:12","151","153","1.18","0.0","0.0","0.0","0.0","0.0","0:00","0.0","0:00","No","19:27.20","1","0.0","00:18:49","00:29:57","77","140"
Running,2021-05-28 17:41:14,false,"Toronto Running","5.45","368","00:29:26","141","164","161","184","5:24","3:59","4","7","1.15","0.0","0.0","0.0","0.0","0.0","0:00","0.0","0:00","No","29:26.43","1","0.0","00:27:07","00:29:26","75","82"
Running,2021-05-27 17:11:24,false,"Toronto Running","11.54","851","01:01:15","157","191","164","190","5:18","4:04","36","39","1.15","0.0","0.0","0.0","0.0","0.0","0:00","0.0","0:00","No","01:01:15.38","1","0.0","00:56:24","01:01:15","75","101"
Running,2021-05-26 17:31:49,false,"Toronto Running","5.07","358","00:30:41","136","152","149","178","6:03","4:54","22","20","1.11","0.0","0.0","0.0","0.0","0.0","0:00","0.0","0:00","No","30:41.06","1","0.0","00:28:07","00:30:41","75","97"
Running,2021-05-25 21:25:10,false,"Toronto Running","5.46","422","00:30:30","151","166","162","244","5:35","4:30","2","--","1.11","0.0","0.0","0.0","0.0","0.0","0:00","0.0","0:00","No","30:30.16","1","0.0","00:29:06","00:31:13","75","90"
Running,2021-05-25 17:59:34,false,"Toronto Running","8.15","584","00:42:47","148","168","165","231","5:15","4:19","40","46","1.15","0.0","0.0","0.0","0.0","0.0","0:00","0.0","0:00","No","42:47.33","1","0.0","00:41:39","00:43:35","75","119"
Running,2021-05-24 09:20:31,false,"Toronto Running","4.01","275","00:20:48","142","155","166","176","5:12","4:52","--","--","1.16","0.0","0.0","0.0","0.0","0.0","0:00","0.0","0:00","No","20:47.96","1","0.0","00:20:48","00:20:48","75","75"
Running,2021-05-23 07:32:49,false,"Toronto Running","3.93","283","00:21:17","143","157","162","176","5:25","4:24","5","7","1.14","0.0","0.0","0.0","0.0","0.0","0:00","0.0","0:00","No","21:17.41","1","0.0","00:20:53","00:21:17","71","87"
Running,2021-05-22 07:58:33,false,"Toronto Running","4.06","286","00:24:15","134","169","165","186","5:59","4:08","--","1","1.01","0.0","0.0","0.0","0.0","0.0","0:00","0.0","0:00","No","24:14.74","1","0.0","00:24:09","00:24:15","75","76"
Running,2021-05-21 07:11:13,false,"Toronto Running","2.56","174","00:15:43","130","144","158","205","6:08","5:18","3","6","1.03","0.0","0.0","0.0","0.0","0.0","0:00","0.0","0:00","No","15:42.97","1","0.0","00:15:13","00:15:43","75","81"
Running,2021-05-20 18:14:41,false,"Toronto Running","7.26","564","00:40:02","150","165","164","173","5:31","5:08","--","--","1.11","0.0","0.0","0.0","0.0","0.0","0:00","0.0","0:00","No","40:01.59","1","0.0","00:40:01","00:40:02","75","75"
Running,2021-05-19 17:52:29,false,"Toronto - 5k Speed","7.56","568","00:49:19","142","175","126","219","6:32","3:24","--","--","1.18","0.0","0.0","0.0","0.0","0.0","0:00","0.0","0:00","No","00:05.22","16","0.0","00:37:35","00:49:19","75","75"
Cycling,2021-05-18 21:27:59,false,"Toronto Cycling","7.26","161","00:25:39","104","118","--","--","17.0","28.1","4","28","0.00","0.0","0.0","0.0","0.0","0.0","0:00","0.0","0:00","No","09:05.15","2","0.0","00:24:11","00:25:39","82","112"
Cycling,2021-05-18 19:29:03,false,"Toronto Cycling","3.98","174","00:19:59","117","134","--","--","12.0","26.6","18","28","0.00","0.0","0.0","0.0","0.0","0.0","0:00","0.0","0:00","No","19:59.38","1","0.0","00:14:28","00:19:59","96","118"
Running,2021-05-18 17:40:04,false,"Toronto Running","5.24","366","00:32:14","134","158","144","215","6:09","4:45","5","6","1.13","0.0","0.0","0.0","0.0","0.0","0:00","0.0","0:00","No","32:13.82","1","0.0","00:28:05","00:32:14","75","81"
Running,2021-05-17 17:22:09,false,"Toronto Running","5.47","378","00:32:47","136","158","149","180","5:59","4:38","5","7","1.12","0.0","0.0","0.0","0.0","0.0","0:00","0.0","0:00","No","32:46.82","1","0.0","00:29:08","00:32:47","72","82"
Running,2021-05-16 09:24:05,false,"Toronto Running","4.50","319","00:24:54","142","156","165","215","5:32","4:40","5","6","1.10","0.0","0.0","0.0","0.0","0.0","0:00","0.0","0:00","No","24:53.91","1","0.0","00:24:14","00:24:54","74","85"
Running,2021-05-15 12:35:37,false,"Toronto Running","14.42","1,081","01:14:03","159","184","167","190","5:08","4:08","47","50","1.17","0.0","0.0","0.0","0.0","0.0","0:00","0.0","0:00","No","01:14:02.78","1","0.0","01:10:00","01:14:03","75","114"
Cycling,2021-05-14 19:16:50,false,"Toronto Cycling","6.33","248","00:42:27","103","117","--","--","8.9","25.9","60","18","0.00","0.0","0.0","0.0","0.0","0.0","0:00","0.0","0:00","No","10:36.60","2","0.0","00:25:10","00:43:17","75","116"
Running,2021-05-14 18:49:18,false,"Toronto Running","1.34","102","00:06:43.0","163","178","169","178","5:01","4:50","--","--","1.18","0.0","0.0","0.0","0.0","0.0","0:00","0.0","0:00","No","06:43.03","1","0.0","00:06:36","00:06:43.0","75","75"
Running,2021-05-14 18:30:16,false,"Toronto - Speed","1.90","199","00:17:15","137","165","70","231","9:04","2:26","--","--","1.75","0.0","0.0","0.0","0.0","0.0","0:00","0.0","0:00","No","00:27.41","23","0.0","00:06:44.5","00:17:17","75","75"
Cycling,2021-05-14 18:04:56,false,"Toronto Cycling","3.98","124","00:20:15","100","119","--","--","11.8","24.6","--","6","0.00","0.0","0.0","0.0","0.0","0.0","0:00","0.0","0:00","No","20:14.71","1","0.0","00:15:36","00:20:15","75","81"
Running,2021-05-14 08:01:04,false,"Toronto Running","1.84","82","00:25:53","76","94","8","150","14:04","2:29","3","8","8.51","0.0","0.0","0.0","0.0","0.0","0:00","0.0","0:00","No","25:53.06","1","0.0","00:06:50","00:25:53","75","82"
Running,2021-05-13 17:19:08,false,"Toronto Running","4.32","302","00:25:26","136","149","147","176","5:53","0:16","5","6","1.16","0.0","0.0","0.0","0.0","0.0","0:00","0.0","0:00","No","25:26.01","1","0.0","00:22:36","00:25:26","75","84"
Running,2021-05-12 17:40:42,false,"Toronto Running","10.01","751","00:54:24","152","169","162","182","5:26","4:23","98","163","1.13","0.0","0.0","0.0","0.0","0.0","0:00","0.0","0:00","No","54:23.56","1","0.0","00:51:31","01:00:21","75","234"
Running,2021-05-12 17:12:25,false,"Toronto Running","3.86","287","00:20:56","149","173","150","180","5:25","4:06","3","6","1.23","0.0","0.0","0.0","0.0","0.0","0:00","0.0","0:00","No","20:55.67","1","0.0","00:19:00","00:22:09","73","81"
Running,2021-05-12 07:39:50,false,"Toronto Running","4.12","289","00:19:13","160","184","173","194","4:40","3:41","57","59","1.24","0.0","0.0","0.0","0.0","0.0","0:00","0.0","0:00","No","19:13.20","1","0.0","00:19:11","00:19:13","75","114"
Cycling,2021-05-11 17:26:12,false,"Toronto Cycling","3.96","153","00:24:21","103","118","--","--","9.8","27.1","57","40","0.00","0.0","0.0","0.0","0.0","0.0","0:00","0.0","0:00","No","24:20.96","1","0.0","00:15:02","00:24:21","75","132"
Running,2021-05-11 07:52:40,false,"Toronto Running","2.49","179","00:13:10","147","156","160","174","5:18","4:35","3","5","1.18","0.0","0.0","0.0","0.0","0.0","0:00","0.0","0:00","No","13:10.33","1","0.0","00:12:51","00:13:10","75","80"
Running,2021-05-10 18:16:39,false,"Toronto Running","8.24","612","00:42:04","156","172","165","182","5:06","4:05","6","9","1.19","0.0","0.0","0.0","0.0","0.0","0:00","0.0","0:00","No","42:03.73","1","0.0","00:40:26","00:42:04","75","100"
Running,2021-05-09 07:41:52,false,"Toronto Running","8.17","590","00:39:23","160","182","171","184","4:49","4:06","10","12","1.22","0.0","0.0","0.0","0.0","0.0","0:00","0.0","0:00","No","39:22.75","1","0.0","00:38:53","00:39:23","75","110"
Running,2021-05-08 08:08:53,false,"Toronto Running","3.51","238","00:17:41","143","169","165","229","5:02","4:18","5","6","1.20","0.0","0.0","0.0","0.0","0.0","0:00","0.0","0:00","No","17:40.84","1","0.0","00:17:39","00:17:41","75","105"
Cycling,2021-05-07 07:53:07,false,"Toronto Cycling","3.24","175","00:27:18","103","127","--","--","7.1","42.0","128","83","0.00","0.0","0.0","0.0","0.0","0.0","0:00","0.0","0:00","No","27:18.46","1","0.0","00:16:10","00:40:40","75","126"
Running,2021-05-07 07:19:06,false,"Toronto Running","2.28","167","00:12:55","139","156","159","173","5:40","4:04","6","6","1.11","0.0","0.0","0.0","0.0","0.0","0:00","0.0","0:00","No","12:54.53","1","0.0","00:12:27","00:12:55","75","81"
Running,2021-05-06 07:47:35,false,"Toronto Running","4.10","252","00:20:26","138","157","158","190","4:59","3:39","22","25","1.27","0.0","0.0","0.0","0.0","0.0","0:00","0.0","0:00","No","20:26.13","1","0.0","00:20:13","00:20:26","75","104"
Running,2021-05-05 18:53:30,false,"Toronto Running","3.46","233","00:17:15","146","164","158","176","4:59","4:13","6","6","1.27","0.0","0.0","0.0","0.0","0.0","0:00","0.0","0:00","No","17:14.96","1","0.0","00:16:16","00:17:15","75","81"
Running,2021-05-04 17:51:45,false,"Toronto Running","3.26","227","00:15:49","153","173","166","231","4:52","3:31","3","5","1.24","0.0","0.0","0.0","0.0","0.0","0:00","0.0","0:00","No","15:49.08","1","0.0","00:15:49","00:15:49","75","80"
Running,2021-05-03 06:53:34,false,"Toronto Running","2.10","152","00:11:18","144","164","166","176","5:23","4:36","4","35","1.12","0.0","0.0","0.0","0.0","0.0","0:00","0.0","0:00","No","11:18.49","1","0.0","00:11:18","00:11:18","75","112"
Running,2021-05-02 17:10:39,false,"Toronto Running","6.87","497","00:31:14","167","192","170","200","4:33","3:24","4","6","1.29","0.0","0.0","0.0","0.0","0.0","0:00","0.0","0:00","No","31:14.01","1","0.0","00:30:05","00:31:14","75","115"
Running,2021-05-01 08:27:17,false,"Toronto Running","2.25","151","00:11:06","146","165","166","242","4:57","3:59","3","5","1.22","0.0","0.0","0.0","0.0","0.0","0:00","0.0","0:00","No","11:05.77","1","0.0","00:11:06","00:11:06","75","81"
Running,2021-04-30 07:12:33,false,"Toronto Running","2.58","174","00:11:33","161","179","168","188","4:29","3:43","3","6","1.33","0.0","0.0","0.0","0.0","0.0","0:00","0.0","0:00","No","11:33.27","1","0.0","00:11:14","00:11:33","75","81"
Running,2021-04-29 07:47:43,false,"Toronto Running","3.36","234","00:18:31","140","158","155","176","5:30","4:33","4","6","1.17","0.0","0.0","0.0","0.0","0.0","0:00","0.0","0:00","No","18:30.61","1","0.0","00:17:53","00:18:31","75","81"
Running,2021-04-28 07:41:20,false,"Toronto Running","3.34","250","00:18:45","145","167","159","174","5:37","4:22","3","6","1.12","0.0","0.0","0.0","0.0","0.0","0:00","0.0","0:00","No","18:45.00","1","0.0","00:18:15","00:18:45","75","81"
Running,2021-04-27 08:00:54,false,"Toronto Running","2.18","155","00:11:32","143","151","160","180","5:18","3:53","--","4","1.18","0.0","0.0","0.0","0.0","0.0","0:00","0.0","0:00","No","11:31.82","1","0.0","00:11:16","00:11:32","75","81"
Running,2021-04-26 12:00:17,false,"Toronto Running","2.08","150","00:10:24","152","163","167","234","5:00","3:40","3","4","1.20","0.0","0.0","0.0","0.0","0.0","0:00","0.0","0:00","No","10:24.43","1","0.0","00:10:23","00:10:24","75","98"
Running,2021-04-25 15:53:11,false,"Toronto Running","3.25","248","00:18:37","144","168","162","172","5:44","5:03","--","--","1.08","0.0","0.0","0.0","0.0","0.0","0:00","0.0","0:00","No","18:37.04","1","0.0","00:18:32","00:19:45","75","75"
Running,2021-04-24 16:58:23,false,"Toronto Running","2.90","241","00:18:22","144","190","157","194","6:20","3:41","40","36","1.00","0.0","0.0","0.0","0.0","0.0","0:00","0.0","0:00","No","18:22.12","1","0.0","00:18:22","00:18:22","76","102"
Running,2021-04-23 18:13:09,false,"Toronto Running","9.50","713","00:45:18","166","187","170","186","4:46","3:17","13","15","1.24","0.0","0.0","0.0","0.0","0.0","0:00","0.0","0:00","No","45:18.36","1","0.0","00:44:53","00:45:24","75","103"
Running,2021-04-22 11:37:43,false,"Toronto Running","3.51","244","00:19:00","140","152","160","177","5:25","3:56","1","3","1.15","0.0","0.0","0.0","0.0","0.0","0:00","0.0","0:00","No","18:59.96","1","0.0","00:18:47","00:19:00","75","86"
Running,2021-04-21 19:35:35,false,"Toronto Running","2.19","140","00:10:32","144","158","168","178","4:48","4:25","3","6","1.24","0.0","0.0","0.0","0.0","0.0","0:00","0.0","0:00","No","10:31.53","1","0.0","00:10:23","00:10:32","75","81"
Running,2021-04-20 16:53:01,false,"Toronto Running","2.72","157","00:13:08","135","152","152","176","4:50","3:51","187","187","1.36","0.0","0.0","0.0","0.0","0.0","0:00","0.0","0:00","No","13:08.04","1","0.0","00:12:32","00:17:17","81","183"
Running,2021-04-19 22:52:19,false,"Toronto Running","3.30","216","00:19:10","132","145","158","231","5:49","4:59","76","76","1.09","0.0","0.0","0.0","0.0","0.0","0:00","0.0","0:00","No","19:09.54","1","0.0","00:19:09","00:19:10","75","119"
Running,2021-04-18 13:58:29,false,"Toronto Running","5.13","348","00:28:39","137","152","156","171","5:35","4:59","7","9","1.15","0.0","0.0","0.0","0.0","0.0","0:00","0.0","0:00","No","28:38.60","1","0.0","00:28:16","00:28:39","72","104"
Running,2021-04-17 08:40:48,false,"Trent Hills Running","2.32","170","00:13:02","140","152","160","173","5:37","5:07","2","3","1.11","0.0","0.0","0.0","0.0","0.0","0:00","0.0","0:00","No","13:01.75","1","0.0","00:12:58","00:13:02","184","191"
Running,2021-04-16 07:25:21,false,"Toronto Running","2.17","149","00:11:36","139","161","164","176","5:20","4:23","3","5","1.14","0.0","0.0","0.0","0.0","0.0","0:00","0.0","0:00","No","11:35.64","1","0.0","00:11:36","00:11:36","75","81"
Running,2021-04-15 17:46:14,false,"Toronto Running","2.37","162","00:12:02","143","154","161","173","5:05","4:01","7","5","1.22","0.0","0.0","0.0","0.0","0.0","0:00","0.0","0:00","No","12:01.58","1","0.0","00:11:51","00:12:02","75","81"
Running,2021-04-14 19:03:56,false,"Toronto Running","2.55","193","00:16:51","134","151","148","203","6:36","1:49","65","40","1.02","0.0","0.0","0.0","0.0","0.0","0:00","0.0","0:00","No","16:50.88","1","0.0","00:16:15","00:58:12","76","102"
Running,2021-04-13 17:34:29,false,"Toronto Running","7.16","520","00:34:16","158","188","167","192","4:47","3:48","8","11","1.25","0.0","0.0","0.0","0.0","0.0","0:00","0.0","0:00","No","34:16.30","1","0.0","00:33:05","00:34:16","75","82"
Running,2021-04-12 17:49:49,false,"Toronto Running","2.22","150","00:11:15","142","160","161","174","5:03","4:26","3","5","1.23","0.0","0.0","0.0","0.0","0.0","0:00","0.0","0:00","No","11:14.64","1","0.0","00:10:58","00:11:15","75","80"
Running,2021-04-11 15:09:09,false,"Toronto Running","4.94","352","00:25:33","148","164","155","178","5:10","4:10","15","19","1.25","0.0","0.0","0.0","0.0","0.0","0:00","0.0","0:00","No","25:33.13","1","0.0","00:24:02","00:25:33","76","93"
Running,2021-04-10 08:21:33,false,"Toronto Running","2.08","143","00:10:49","140","161","159","173","5:11","4:03","3","6","1.21","0.0","0.0","0.0","0.0","0.0","0:00","0.0","0:00","No","10:48.97","1","0.0","00:10:22","00:10:49","75","81"
Running,2021-04-09 17:54:37,false,"Toronto - Intervals Riverd","4.41","373","00:28:42","150","180","117","200","6:31","3:22","54","59","1.21","0.0","0.0","0.0","0.0","0.0","0:00","0.0","0:00","No","00:01.53","20","0.0","00:20:39","00:28:42","75","83"
Running,2021-04-08 06:54:14,false,"Toronto Running","2.16","155","00:12:01","138","150","162","173","5:33","4:31","111","114","1.11","0.0","0.0","0.0","0.0","0.0","0:00","0.0","0:00","No","12:01.26","1","0.0","00:12:00","00:12:01","75","136"
Running,2021-04-07 18:51:29,false,"Toronto Running","2.58","154","00:11:11","148","170","161","229","4:20","2:59","3","6","1.43","0.0","0.0","0.0","0.0","0.0","0:00","0.0","0:00","No","11:10.50","1","0.0","00:10:24","00:11:37","75","81"
Running,2021-04-06 18:26:46,false,"Toronto Running","10.38","742","01:07:31","135","165","138","186","6:30","3:43","3","4","1.11","0.0","0.0","0.0","0.0","0.0","0:00","0.0","0:00","No","01:07:30.74","1","0.0","00:58:45","01:07:33","75","79"
Running,2021-04-06 18:09:35,false,"Toronto Running","1.53","96","00:07:00.6","145","157","157","215","4:35","4:08","11","12","1.39","0.0","0.0","0.0","0.0","0.0","0:00","0.0","0:00","No","07:00.62","1","0.0","00:07:00.6","00:07:00.6","80","102"
Running,2021-04-05 17:45:16,false,"Toronto Running","3.28","223","00:17:21","140","167","153","173","5:17","4:25","3","6","1.23","0.0","0.0","0.0","0.0","0.0","0:00","0.0","0:00","No","17:21.39","1","0.0","00:16:38","00:17:54","75","81"
Running,2021-04-04 08:10:59,false,"Toronto Running","3.37","274","00:17:59","161","180","164","173","5:20","4:20","34","61","1.15","0.0","0.0","0.0","0.0","0.0","0:00","0.0","0:00","No","17:58.54","1","0.0","00:17:50","00:18:07","75","106"
Stopwatch,2021-04-03 21:53:45,false,"Stopwatch","0.00","--","00:34:27","--","--","--","--","--","--","--","--","0.00","0.0","0.0","0.0","0.0","0.0","0:00","0.0","0:00","No","34:26.90","1","0.0","00:00:00","00:34:27","--","--"
Running,2021-04-03 13:32:00,false,"Toronto Running","2.56","188","00:12:47","154","171","155","176","5:00","4:10","3","6","1.29","0.0","0.0","0.0","0.0","0.0","0:00","0.0","0:00","No","12:47.44","1","0.0","00:12:02","00:12:47","75","81"
Running,2021-04-02 12:29:36,false,"Toronto Running","2.13","47","00:07:15.7","109","140","158","237","3:24","1:46","--","--","1.88","0.0","0.0","0.0","0.0","0.0","0:00","0.0","0:00","No","00:00.71","11","0.0","00:06:08.7","00:25:59","75","75"
Running,2021-04-01 17:12:53,false,"Toronto Running","2.26","159","00:12:17","140","160","154","178","5:25","4:20","7","6","1.20","0.0","0.0","0.0","0.0","0.0","0:00","0.0","0:00","No","12:16.73","1","0.0","00:11:42","00:23:57","82","89"
Running,2021-03-31 17:24:02,false,"Toronto Running","7.66","545","00:37:06","156","176","168","188","4:51","3:45","38","42","1.23","0.0","0.0","0.0","0.0","0.0","0:00","0.0","0:00","No","37:06.22","1","0.0","00:36:09","00:37:06","75","108"
Running,2021-03-30 16:30:12,false,"Milton Running","2.28","159","00:12:03","140","152","161","171","5:16","4:25","6","6","1.18","0.0","0.0","0.0","0.0","0.0","0:00","0.0","0:00","No","12:02.76","1","0.0","00:12:01","00:12:03","191","197"
Running,2021-03-29 18:34:07,false,"Milton Running","2.28","144","00:09:48.8","155","181","168","188","4:19","3:20","6","6","1.38","0.0","0.0","0.0","0.0","0.0","0:00","0.0","0:00","No","09:48.76","1","0.0","00:09:33","00:09:48.8","191","197"
Running,2021-03-29 18:05:14,false,"Milton Running","1.44","120","00:20:59","98","133","82","217","14:33","4:19","4","4","0.84","0.0","0.0","0.0","0.0","0.0","0:00","0.0","0:00","No","20:58.52","1","0.0","00:15:54","00:20:59","191","196"
Running,2021-03-28 13:20:55,false,"Toronto Running","2.23","138","00:10:25","143","162","170","184","4:40","3:39","3","22","1.26","0.0","0.0","0.0","0.0","0.0","0:00","0.0","0:00","No","10:24.75","1","0.0","00:10:25","00:10:25","75","97"
Running,2021-03-27 22:00:21,false,"Toronto Running","2.08","149","00:10:06","157","172","168","222","4:51","3:38","169","286","1.23","0.0","0.0","0.0","0.0","0.0","0:00","0.0","0:00","No","10:05.83","1","0.0","00:09:56","00:10:06","75","195"
Running,2021-03-26 15:10:11,false,"Milton Running","2.51","176","00:12:41","148","166","168","176","5:03","4:33","6","--","1.18","0.0","0.0","0.0","0.0","0.0","0:00","0.0","0:00","No","12:40.77","1","0.0","00:12:36","00:12:41","191","197"
Running,2021-03-25 17:05:14,false,"Milton Running","2.42","150","00:10:49","148","164","169","188","4:28","3:50","1","--","1.32","0.0","0.0","0.0","0.0","0.0","0:00","0.0","0:00","No","10:49.48","1","0.0","00:10:39","00:11:06","194","196"
Running,2021-03-24 18:41:44,false,"Toronto Running","3.82","283","00:20:36","149","180","157","188","5:24","3:24","35","31","1.18","0.0","0.0","0.0","0.0","0.0","0:00","0.0","0:00","No","20:36.06","1","0.0","00:20:12","00:22:37","79","110"
Running,2021-03-24 17:27:18,false,"Toronto Running","5.19","430","00:31:03","152","179","155","229","5:59","4:33","3","9","1.08","0.0","0.0","0.0","0.0","0.0","0:00","0.0","0:00","No","31:02.52","1","0.0","00:29:35","00:47:50","75","102"
Running,2021-03-23 17:48:36,false,"Toronto Running","2.08","150","00:19:48","108","139","116","194","9:33","4:58","2","6","0.90","0.0","0.0","0.0","0.0","0.0","0:00","0.0","0:00","No","19:48.12","1","0.0","00:14:52","00:19:48","75","81"
Running,2021-03-22 18:36:53,false,"Toronto Running","3.40","139","00:12:56","137","168","170","217","3:48","2:38","1","30","1.54","0.0","0.0","0.0","0.0","0.0","0:00","0.0","0:00","No","00:00.77","11","0.0","00:12:28","00:26:47","75","104"
Running,2021-03-21 19:15:04,false,"Toronto Running","2.28","147","00:12:19","137","163","165","194","5:24","3:22","4","6","1.12","0.0","0.0","0.0","0.0","0.0","0:00","0.0","0:00","No","03:38.21","2","0.0","00:12:18","00:12:19","75","81"
Running,2021-03-20 11:24:05,false,"Toronto Running","2.45","181","00:14:51","139","156","145","174","6:04","4:40","3","6","1.14","0.0","0.0","0.0","0.0","0.0","0:00","0.0","0:00","No","14:51.32","1","0.0","00:12:56","00:14:51","75","81"
Running,2021-03-19 18:44:05,false,"Toronto Running","2.10","147","00:10:47","146","156","161","176","5:09","4:15","6","6","1.21","0.0","0.0","0.0","0.0","0.0","0:00","0.0","0:00","No","10:46.65","1","0.0","00:10:11","00:10:48","75","81"
Running,2021-03-18 18:12:03,false,"Toronto Running","12.39","931","01:11:14","147","182","157","234","5:45","3:31","290","284","1.11","0.0","0.0","0.0","0.0","0.0","0:00","0.0","0:00","No","01:11:13.69","1","0.0","01:08:41","01:30:43","75","156"
Running,2021-03-17 17:04:45,false,"Toronto Running","5.05","329","00:21:52","160","178","176","193","4:20","3:45","2","5","1.31","0.0","0.0","0.0","0.0","0.0","0:00","0.0","0:00","No","21:52.43","1","0.0","00:21:39","00:23:52","76","81"
Running,2021-03-16 16:38:00,false,"Toronto Running","2.88","213","00:15:37","144","156","163","174","5:26","4:23","5","6","1.13","0.0","0.0","0.0","0.0","0.0","0:00","0.0","0:00","No","15:37.09","1","0.0","00:15:23","00:16:00","75","83"
Running,2021-03-15 17:35:51,false,"Toronto Running","7.85","706","00:46:37","160","188","163","188","5:57","2:50","12","13","1.03","0.0","0.0","0.0","0.0","0.0","0:00","0.0","0:00","No","46:37.07","1","0.0","00:45:54","00:46:37","75","92"
Running,2021-03-14 11:54:32,false,"Running","2.72","203","00:13:39","155","176","160","171","5:02","3:54","--","--","1.24","0.0","0.0","0.0","0.0","0.0","0:00","0.0","0:00","No","13:39.31","1","0.0","00:13:20","00:13:39","--","--"
Running,2021-03-13 08:56:00,false,"Toronto Running","2.19","143","00:10:29","144","157","152","194","4:47","3:40","3","6","1.37","0.0","0.0","0.0","0.0","0.0","0:00","0.0","0:00","No","10:29.25","1","0.0","00:09:38","00:10:29","75","81"
Running,2021-03-12 15:26:31,false,"Toronto Running","3.01","190","00:12:21","162","179","183","198","4:06","3:43","--","--","1.33","0.0","0.0","0.0","0.0","0.0","0:00","0.0","0:00","No","12:21.03","1","0.0","00:12:20","00:12:21","75","75"
Running,2021-03-11 18:51:54,false,"Toronto Running","1.64","111","00:10:25","128","147","148","174","6:22","5:18","47","58","1.06","0.0","0.0","0.0","0.0","0.0","0:00","0.0","0:00","No","10:24.84","1","0.0","00:09:33","00:10:25","80","131"
Running,2021-03-11 18:20:12,false,"Toronto Running","3.46","297","00:25:32","135","150","133","173","7:23","4:10","188","182","1.02","0.0","0.0","0.0","0.0","0.0","0:00","0.0","0:00","No","25:32.35","1","0.0","00:22:52","00:25:32","81","254"
Running,2021-03-10 16:37:25,false,"Toronto Running","2.44","172","00:12:12","147","161","158","176","5:00","3:36","3","6","1.26","0.0","0.0","0.0","0.0","0.0","0:00","0.0","0:00","No","12:12.43","1","0.0","00:11:57","00:12:12","75","81"
Running,2021-03-09 16:57:09,false,"Toronto Running","2.52","141","00:10:40","141","161","175","188","4:14","3:59","3","6","1.34","0.0","0.0","0.0","0.0","0.0","0:00","0.0","0:00","No","10:40.31","1","0.0","00:10:40","00:10:40","75","81"
Running,2021-03-08 17:14:57,false,"Toronto Running","2.98","210","00:15:44","146","171","140","188","5:17","2:13","3","6","1.35","0.0","0.0","0.0","0.0","0.0","0:00","0.0","0:00","No","15:44.40","1","0.0","00:13:32","00:15:44","75","81"
Running,2021-03-07 15:37:16,false,"Toronto Running","2.61","183","00:14:45","138","151","153","217","5:40","4:33","4","6","1.16","0.0","0.0","0.0","0.0","0.0","0:00","0.0","0:00","No","14:44.69","1","0.0","00:13:44","00:14:45","75","81"
Running,2021-03-06 16:30:23,false,"Toronto Running","2.24","160","00:11:57","143","153","158","171","5:20","4:47","4","6","1.18","0.0","0.0","0.0","0.0","0.0","0:00","0.0","0:00","No","11:57.02","1","0.0","00:11:43","00:11:57","75","82"
Running,2021-03-05 17:06:44,false,"Toronto Running","5.48","403","00:27:10","158","182","161","205","4:58","3:27","4","7","1.26","0.0","0.0","0.0","0.0","0.0","0:00","0.0","0:00","No","27:09.84","1","0.0","00:26:31","00:27:10","76","81"
Running,2021-03-04 13:53:10,false,"Toronto Running","2.40","154","00:10:55","154","181","162","188","4:33","3:53","4","6","1.36","0.0","0.0","0.0","0.0","0.0","0:00","0.0","0:00","No","10:55.05","1","0.0","00:10:35","00:10:55","75","81"
Running,2021-03-03 16:41:03,false,"Toronto Running","3.45","245","00:19:04","143","170","142","224","5:32","3:43","5","7","1.27","0.0","0.0","0.0","0.0","0.0","0:00","0.0","0:00","No","19:04.32","1","0.0","00:17:28","00:19:04","75","82"
Running,2021-03-02 16:55:10,false,"Toronto Running","3.26","259","00:17:29","160","176","147","192","5:22","4:08","4","6","1.27","0.0","0.0","0.0","0.0","0.0","0:00","0.0","0:00","No","17:29.15","1","0.0","00:15:34","00:17:29","75","81"
Running,2021-03-01 20:39:14,false,"Toronto Running","2.05","159","00:11:02","154","172","158","171","5:24","4:38","3","5","1.17","0.0","0.0","0.0","0.0","0.0","0:00","0.0","0:00","No","11:02.36","1","0.0","00:10:59","00:11:02","75","80"
Running,2021-02-28 19:05:25,false,"Toronto Running","2.13","139","00:11:05","139","155","161","178","5:12","4:29","331","333","1.19","0.0","0.0","0.0","0.0","0.0","0:00","0.0","0:00","No","11:04.84","1","0.0","00:11:04","00:11:05","75","408"
Running,2021-02-27 17:35:12,false,"Toronto Running","1.93","133","00:11:01","136","150","150","169","5:43","4:55","2","6","1.16","0.0","0.0","0.0","0.0","0.0","0:00","0.0","0:00","No","11:01.14","1","0.0","00:10:17","00:11:01","75","82"
Walking,2021-02-27 11:00:53,false,"King Walking","1.77","466","01:56:39","86","113","24","169","--","8:05","28","29","0.65","0.0","0.0","0.0","0.0","0.0","0:00","0.0","0:00","No","42:49.85","2","0.0","00:23:25","01:56:39","286","306"
Running,2021-02-26 16:55:45,false,"Toronto Running","2.24","132","00:12:02","129","142","154","180","5:22","4:29","3","5","1.21","0.0","0.0","0.0","0.0","0.0","0:00","0.0","0:00","No","12:01.53","1","0.0","00:11:27","00:12:02","75","82"
Running,2021-02-25 17:35:09,false,"Toronto Running","8.07","570","00:54:02","136","156","145","204","6:42","4:33","36","36","1.03","0.0","0.0","0.0","0.0","0.0","0:00","0.0","0:00","No","54:01.74","1","0.0","00:49:03","01:17:39","75","103"
Running,2021-02-24 16:56:53,false,"Toronto Running","3.30","221","00:17:49","138","156","154","223","5:24","3:09","3","6","1.20","0.0","0.0","0.0","0.0","0.0","0:00","0.0","0:00","No","17:48.85","1","0.0","00:16:34","00:17:49","75","81"
Running,2021-02-23 17:09:15,false,"Toronto Running","3.33","237","00:17:59","143","163","157","174","5:24","4:40","3","6","1.18","0.0","0.0","0.0","0.0","0.0","0:00","0.0","0:00","No","17:59.49","1","0.0","00:17:15","00:17:59","75","81"
Running,2021-02-22 17:09:56,false,"Toronto Running","2.85","211","00:15:03","150","166","154","169","5:17","4:38","7","6","1.23","0.0","0.0","0.0","0.0","0.0","0:00","0.0","0:00","No","15:03.44","1","0.0","00:14:29","00:15:03","75","82"
Running,2021-02-21 18:22:12,false,"Toronto Running","2.95","195","00:15:11","141","161","152","169","5:09","4:24","8","7","1.28","0.0","0.0","0.0","0.0","0.0","0:00","0.0","0:00","No","15:10.59","1","0.0","00:14:34","00:15:11","75","84"
Running,2021-02-20 17:33:12,false,"Toronto Running","3.71","252","00:21:24","136","153","147","229","5:46","4:27","141","141","1.18","0.0","0.0","0.0","0.0","0.0","0:00","0.0","0:00","No","21:23.89","1","0.0","00:19:52","00:21:24","75","151"
Running,2021-02-19 17:00:39,false,"Toronto Running","2.56","187","00:13:58","145","160","150","173","5:28","4:13","3","6","1.22","0.0","0.0","0.0","0.0","0.0","0:00","0.0","0:00","No","13:57.64","1","0.0","00:13:09","00:13:58","75","81"
Running,2021-02-18 17:58:48,false,"Toronto Running","2.26","163","00:12:37","142","159","158","169","5:35","5:06","3","6","1.13","0.0","0.0","0.0","0.0","0.0","0:00","0.0","0:00","No","12:36.89","1","0.0","00:12:25","00:12:37","75","81"
Running,2021-02-17 17:09:39,false,"Toronto Running","7.98","540","00:39:16","151","175","166","231","4:55","4:12","15","17","1.23","0.0","0.0","0.0","0.0","0.0","0:00","0.0","0:00","No","39:15.71","1","0.0","00:37:43","00:39:16","75","90"
Running,2021-02-16 17:31:08,false,"Toronto Running","2.24","183","00:12:26","159","178","160","167","5:32","4:39","6","6","1.13","0.0","0.0","0.0","0.0","0.0","0:00","0.0","0:00","No","12:25.70","1","0.0","00:12:26","00:12:26","75","81"
Running,2021-02-15 17:28:58,false,"Toronto Running","2.27","174","00:12:43","146","162","161","226","5:36","4:18","4","6","1.11","0.0","0.0","0.0","0.0","0.0","0:00","0.0","0:00","No","12:43.15","1","0.0","00:12:37","00:12:43","75","81"
Running,2021-02-15 13:45:28,false,"Toronto Running","1.19","88","00:07:55.6","129","149","133","163","6:38","4:53","30","25","1.13","0.0","0.0","0.0","0.0","0.0","0:00","0.0","0:00","No","07:55.64","1","0.0","00:07:13","00:07:55.6","106","136"
Running,2021-02-14 14:47:57,false,"Toronto Running","2.72","186","00:13:50","144","163","163","239","5:05","4:03","3","6","1.21","0.0","0.0","0.0","0.0","0.0","0:00","0.0","0:00","No","13:49.80","1","0.0","00:13:37","00:13:50","75","81"
Running,2021-02-13 16:35:02,false,"Toronto Running","2.36","169","00:12:57","142","154","154","171","5:29","4:41","3","6","1.19","0.0","0.0","0.0","0.0","0.0","0:00","0.0","0:00","No","12:57.23","1","0.0","00:12:16","00:12:57","75","81"
Running,2021-02-12 17:17:05,false,"Toronto Running","2.72","209","00:14:50","149","162","161","174","5:27","3:57","3","6","1.14","0.0","0.0","0.0","0.0","0.0","0:00","0.0","0:00","No","14:50.07","1","0.0","00:14:39","00:14:57","75","81"
Running,2021-02-11 16:58:10,false,"Toronto Running","11.33","957","01:08:43","156","173","161","176","6:04","4:27","462","464","1.02","0.0","0.0","0.0","0.0","0.0","0:00","0.0","0:00","No","01:08:42.88","1","0.0","01:08:00","01:19:48","75","237"
Running,2021-02-10 16:48:17,false,"Toronto Running","2.22","151","00:10:33","152","166","170","222","4:45","4:23","5","6","1.24","0.0","0.0","0.0","0.0","0.0","0:00","0.0","0:00","No","10:33.01","1","0.0","00:10:33","00:10:33","75","82"
Running,2021-02-09 17:02:56,false,"Toronto Running","5.64","361","00:27:16","144","162","168","226","4:50","4:08","4","8","1.23","0.0","0.0","0.0","0.0","0.0","0:00","0.0","0:00","No","27:15.57","1","0.0","00:26:50","00:27:21","66","81"
Running,2021-02-08 16:54:10,false,"Toronto Running","2.78","183","00:13:51","142","157","166","174","4:59","4:30","3","6","1.21","0.0","0.0","0.0","0.0","0.0","0:00","0.0","0:00","No","13:51.00","1","0.0","00:13:51","00:13:51","75","81"
Running,2021-02-07 15:28:05,false,"Toronto Running","2.70","195","00:14:10","147","158","163","178","5:15","4:24","33","34","1.17","0.0","0.0","0.0","0.0","0.0","0:00","0.0","0:00","No","14:09.94","1","0.0","00:13:45","00:14:29","75","109"
Running,2021-02-06 16:32:23,false,"Toronto Running","7.84","574","00:40:09","154","168","169","234","5:07","4:26","9","13","1.15","0.0","0.0","0.0","0.0","0.0","0:00","0.0","0:00","No","40:09.18","1","0.0","00:38:39","00:40:09","75","91"
Running,2021-02-05 17:28:51,false,"Toronto Running","2.10","130","00:10:45","135","148","170","178","5:07","4:27","11","6","1.15","0.0","0.0","0.0","0.0","0.0","0:00","0.0","0:00","No","10:45.10","1","0.0","00:10:45","00:10:45","78","89"
Running,2021-02-04 16:50:10,false,"Toronto Running","5.40","386","00:38:21","128","161","139","180","7:06","4:26","43","51","1.02","0.0","0.0","0.0","0.0","0.0","0:00","0.0","0:00","No","38:20.78","1","0.0","00:36:34","00:48:42","71","108"
Running,2021-02-03 17:32:08,false,"Toronto Running","3.09","235","00:16:28","152","167","161","181","5:20","4:18","121","123","1.16","0.0","0.0","0.0","0.0","0.0","0:00","0.0","0:00","No","16:28.24","1","0.0","00:16:04","00:16:28","72","199"
Running,2021-02-02 16:27:02,false,"Toronto Running","2.70","201","00:13:59","151","161","173","220","5:10","4:16","4","6","1.12","0.0","0.0","0.0","0.0","0.0","0:00","0.0","0:00","No","13:59.08","1","0.0","00:13:53","00:13:59","75","81"
Running,2021-02-01 16:59:37,false,"Toronto Running","2.69","204","00:14:04","153","169","155","184","5:13","4:10","37","40","1.24","0.0","0.0","0.0","0.0","0.0","0:00","0.0","0:00","No","14:03.95","1","0.0","00:00:00","00:14:04","75","115"
Running,2021-01-31 16:11:15,false,"Toronto Running with Andres","7.73","620","00:45:50","149","171","149","171","5:56","4:33","194","184","1.13","0.0","0.0","0.0","0.0","0.0","0:00","0.0","0:00","No","45:49.50","1","0.0","00:00:00","00:58:30","79","137"
Running,2021-01-30 17:20:40,false,"Post hike","2.34","163","00:11:45","148","165","171","218","5:01","4:15","4","5","1.17","0.0","0.0","0.0","0.0","0.0","0:00","0.0","0:00","No","11:45.07","1","0.0","00:00:00","00:11:45","75","80"
Running,2021-01-29 15:59:49,false,"Toronto Running","5.39","386","00:27:28","151","184","168","222","5:06","3:47","82","84","1.17","0.0","0.0","0.0","0.0","0.0","0:00","0.0","0:00","No","27:28.28","1","0.0","00:26:32","00:27:28","72","106"
Running,2021-01-28 16:42:36,false,"Slush run encore","2.70","215","00:15:09","152","172","154","184","5:37","4:19","24","24","1.15","0.0","0.0","0.0","0.0","0.0","0:00","0.0","0:00","No","15:09.00","1","0.0","00:00:00","00:15:09","75","99"
Running,2021-01-27 18:09:17,false,"Slush run","5.27","371","00:28:53","141","156","168","184","5:29","4:23","6","8","1.09","0.0","0.0","0.0","0.0","0.0","0:00","0.0","0:00","No","28:52.70","1","0.0","00:00:00","00:28:53","74","81"
Running,2021-01-26 16:50:31,false,"Pow run","2.26","158","00:12:30","139","155","150","167","5:31","5:04","9","13","1.21","0.0","0.0","0.0","0.0","0.0","0:00","0.0","0:00","No","12:29.60","1","0.0","00:00:00","00:12:30","78","98"
Running,2021-01-25 17:11:44,false,"Veggie week day 1","3.24","230","00:16:34","147","161","164","180","5:07","4:04","6","6","1.20","0.0","0.0","0.0","0.0","0.0","0:00","0.0","0:00","No","16:33.86","1","0.0","00:00:00","00:16:34","75","83"
Running,2021-01-24 16:04:05,false,"Toronto Running","2.77","190","00:13:40","148","167","166","180","4:56","4:17","3","6","1.22","0.0","0.0","0.0","0.0","0.0","0:00","0.0","0:00","No","13:40.48","1","0.0","00:13:34","00:13:40","75","81"
Running,2021-01-23 16:41:53,false,"Toronto Running","2.58","178","00:12:07","158","174","169","226","4:41","3:48","4","5","1.26","0.0","0.0","0.0","0.0","0.0","0:00","0.0","0:00","No","12:06.50","1","0.0","00:12:07","00:17:47","75","122"
Running,2021-01-22 16:32:58,false,"Toronto Running","5.27","335","00:24:55","146","174","170","194","4:44","4:09","18","21","1.24","0.0","0.0","0.0","0.0","0.0","0:00","0.0","0:00","No","24:55.38","1","0.0","00:24:39","00:24:55","76","93"
Running,2021-01-21 17:26:35,false,"Run with group","10.46","751","01:31:37","120","158","126","212","8:46","3:40","85","83","0.90","0.0","0.0","0.0","0.0","0.0","0:00","0.0","0:00","No","01:31:37.06","1","0.0","00:00:00","01:42:21","75","134"
Running,2021-01-20 17:35:35,false,"Toronto Running","2.67","188","00:14:07","143","154","169","182","5:17","3:45","3","6","1.12","0.0","0.0","0.0","0.0","0.0","0:00","0.0","0:00","No","14:07.49","1","0.0","00:14:07","00:14:07","75","81"
Running,2021-01-19 17:21:37,false,"Toronto Running","3.21","236","00:17:22","149","174","151","237","5:25","1:33","152","148","1.23","0.0","0.0","0.0","0.0","0.0","0:00","0.0","0:00","No","17:22.05","1","0.0","00:15:36","00:18:04","74","159"
Running,2021-01-18 17:41:06,false,"Toronto Running","3.19","224","00:16:17","149","167","150","196","5:07","3:58","121","119","1.30","0.0","0.0","0.0","0.0","0.0","0:00","0.0","0:00","No","16:16.92","1","0.0","00:15:09","00:16:17","76","145"
Running,2021-01-17 17:09:58,false,"Toronto Running","2.68","198","00:14:41","146","160","149","220","5:28","3:43","3","29","1.23","0.0","0.0","0.0","0.0","0.0","0:00","0.0","0:00","No","14:41.14","1","0.0","00:13:15","00:14:41","75","104"
Running,2021-01-16 16:58:24,false,"Toronto Running","5.17","377","00:26:19","154","170","165","186","5:05","4:15","3","7","1.19","0.0","0.0","0.0","0.0","0.0","0:00","0.0","0:00","No","26:18.96","1","0.0","00:25:43","00:26:19","76","92"
Running,2021-01-15 16:52:27,false,"Toronto Running","2.58","178","00:12:19","157","177","165","231","4:47","3:43","3","6","1.27","0.0","0.0","0.0","0.0","0.0","0:00","0.0","0:00","No","12:18.84","1","0.0","00:11:46","00:12:19","75","81"
Running,2021-01-14 17:15:19,false,"Toronto Running","3.45","243","00:18:19","146","161","165","223","5:18","4:15","3","6","1.15","0.0","0.0","0.0","0.0","0.0","0:00","0.0","0:00","No","18:19.22","1","0.0","00:17:52","00:18:19","75","81"
Running,2021-01-13 17:52:32,false,"Toronto Running","5.85","411","00:28:47","155","179","166","182","4:55","4:26","182","185","1.23","0.0","0.0","0.0","0.0","0.0","0:00","0.0","0:00","No","28:47.13","1","0.0","00:28:26","00:28:47","75","176"
Running,2021-01-12 18:36:36,false,"Toronto Running","2.54","174","00:14:13","137","149","142","174","5:36","4:13","32","24","1.25","0.0","0.0","0.0","0.0","0.0","0:00","0.0","0:00","No","14:12.56","1","0.0","00:13:16","00:14:16","73","120"
Running,2021-01-11 17:15:46,false,"Toronto Running","3.33","230","00:16:30","152","169","156","194","4:57","4:06","3","5","1.30","0.0","0.0","0.0","0.0","0.0","0:00","0.0","0:00","No","16:29.92","1","0.0","00:16:23","00:16:30","75","80"
Running,2021-01-10 17:27:31,false,"Toronto Running","5.18","354","00:25:46","152","164","159","193","4:59","3:50","3","7","1.26","0.0","0.0","0.0","0.0","0.0","0:00","0.0","0:00","No","25:46.35","1","0.0","00:24:27","00:25:46","76","115"
Running,2021-01-09 18:58:12,false,"Toronto Running","2.91","196","00:15:05","145","162","160","186","5:12","4:13","110","114","1.20","0.0","0.0","0.0","0.0","0.0","0:00","0.0","0:00","No","15:05.34","1","0.0","00:14:55","00:15:05","74","173"
Running,2021-01-08 16:45:44,false,"Toronto Running","2.74","187","00:14:28","144","159","153","231","5:17","4:06","8","9","1.23","0.0","0.0","0.0","0.0","0.0","0:00","0.0","0:00","No","14:27.55","1","0.0","00:13:39","00:14:28","78","88"
Running,2021-01-07 16:31:08,false,"Toronto Running","2.84","206","00:15:32","149","164","144","228","5:28","4:23","3","6","1.27","0.0","0.0","0.0","0.0","0.0","0:00","0.0","0:00","No","15:32.22","1","0.0","00:14:19","00:15:32","75","81"
Running,2021-01-06 17:11:17,false,"Easy run that got competitive","7.61","570","00:36:36","169","199","158","188","4:48","3:54","10","13","1.32","0.0","0.0","0.0","0.0","0.0","0:00","0.0","0:00","No","36:35.92","1","0.0","00:34:53","00:36:36","75","82"
Running,2021-01-05 16:55:50,false,"Toronto Running","2.41","151","00:10:50","155","169","165","193","4:29","3:45","3","5","1.35","0.0","0.0","0.0","0.0","0.0","0:00","0.0","0:00","No","10:50.35","1","0.0","00:09:53","00:10:50","75","80"
Running,2021-01-04 17:56:43,false,"Toronto Running","2.67","164","00:13:34","139","154","148","226","5:05","4:08","3","6","1.33","0.0","0.0","0.0","0.0","0.0","0:00","0.0","0:00","No","13:34.31","1","0.0","00:12:51","00:13:34","75","81"
Running,2021-01-03 17:36:46,false,"Toronto Running","5.88","458","00:30:50","164","180","155","234","5:15","4:36","5","9","1.23","0.0","0.0","0.0","0.0","0.0","0:00","0.0","0:00","No","30:50.29","1","0.0","00:30:10","00:30:50","75","99"
Walking,2021-01-02 18:13:54,false,"Toronto Walking","0.90","75","00:11:50","108","128","82","125","13:08","8:33","56","159","0.92","0.0","0.0","0.0","0.0","0.0","0:00","0.0","0:00","No","11:50.25","1","0.0","00:08:52","00:11:50","82","242"
Running,2021-01-02 17:56:30,false,"Toronto Running","2.65","203","00:16:25","141","153","150","231","6:12","4:41","224","221","1.07","0.0","0.0","0.0","0.0","0.0","0:00","0.0","0:00","No","16:25.41","1","0.0","00:15:30","00:16:25","78","202"
Running,2021-01-02 11:24:33,false,"Caledon Running","4.62","510","01:50:56","90","121","49","231","24:01","3:30","46","52","0.84","0.0","0.0","0.0","0.0","0.0","0:00","0.0","0:00","No","28:18.56","2","0.0","01:02:53","01:50:56","274","302"
Running,2021-01-01 17:12:04,false,"Toronto Running","2.20","154","00:11:31","147","153","166","182","5:14","4:25","3","4","1.15","0.0","0.0","0.0","0.0","0.0","0:00","0.0","0:00","No","11:30.88","1","0.0","00:11:30","00:11:31","78","83"
Running,2020-12-31 16:57:47,false,"Toronto Running","2.79","207","00:14:40","156","173","155","175","5:15","4:25","9","8","1.23","0.0","0.0","0.0","0.0","0.0","0:00","0.0","0:00","No","14:39.75","1","0.0","00:14:09","00:14:40","78","88"
Running,2020-12-29 16:55:17,false,"Toronto Running","6.06","464","00:32:36","157","174","169","190","5:23","4:25","3","6","1.10","0.0","0.0","0.0","0.0","0.0","0:00","0.0","0:00","No","32:35.64","1","0.0","00:31:43","00:32:36","75","81"
Walking,2020-12-28 12:47:17,false,"Caledon Walking","2.49","213","00:48:05","98","125","70","158","19:19","11:10","22","54","0.75","0.0","0.0","0.0","0.0","0.0","0:00","0.0","0:00","No","06:36.98","3","0.0","00:36:33","00:48:05","258","293"
Running,2020-12-28 09:04:47,false,"Toronto Running","5.85","432","00:28:09","165","191","171","210","4:49","3:40","6","9","1.21","0.0","0.0","0.0","0.0","0.0","0:00","0.0","0:00","No","28:09.35","1","0.0","00:27:37","00:28:09","75","87"
Running,2020-12-19 09:33:44,false,"Ramara Running","2.32","161","00:14:24","132","150","165","184","6:12","4:53","7","6","0.98","0.0","0.0","0.0","0.0","0.0","0:00","0.0","0:00","No","14:23.63","1","0.0","00:14:17","00:14:24","224","233"
Running,2020-12-18 08:48:07,false,"Toronto Running","2.25","137","00:10:33","145","161","173","188","4:42","3:58","337","339","1.23","0.0","0.0","0.0","0.0","0.0","0:00","0.0","0:00","No","10:32.66","1","0.0","00:10:08","00:10:33","75","250"
Running,2020-12-15 16:47:31,false,"Toronto Running","2.60","165","00:11:43","156","176","178","196","4:31","3:45","3","6","1.25","0.0","0.0","0.0","0.0","0.0","0:00","0.0","0:00","No","11:42.56","1","0.0","00:11:43","00:11:43","75","81"
Running,2020-12-13 10:16:17,false,"Toronto Running","2.15","161","00:13:00","141","154","161","188","6:03","4:10","3","5","1.03","0.0","0.0","0.0","0.0","0.0","0:00","0.0","0:00","No","12:59.66","1","0.0","00:13:00","00:13:00","75","81"
Running,2020-12-10 16:24:15,false,"Toronto Running","5.19","385","00:25:44","162","181","169","192","4:58","4:06","2","6","1.19","0.0","0.0","0.0","0.0","0.0","0:00","0.0","0:00","No","25:44.23","1","0.0","00:24:18","00:25:44","74","112"
Running,2020-12-08 18:33:41,false,"Toronto Running","1.92","133","00:09:57.2","145","157","162","188","5:11","4:14","16","20","1.19","0.0","0.0","0.0","0.0","0.0","0:00","0.0","0:00","No","09:57.15","1","0.0","00:09:57","00:09:57.2","78","90"
Running,2020-12-06 15:07:14,false,"Toronto Running","3.44","219","00:17:23","143","165","148","217","5:03","3:33","55","53","1.33","0.0","0.0","0.0","0.0","0.0","0:00","0.0","0:00","No","17:22.63","1","0.0","00:15:20","00:17:23","76","129"
Running,2020-12-05 17:08:14,false,"Toronto Running","4.72","332","00:23:40","154","175","169","186","5:01","4:25","4","6","1.18","0.0","0.0","0.0","0.0","0.0","0:00","0.0","0:00","No","23:39.59","1","0.0","00:23:40","00:23:40","75","81"
Running,2020-12-03 17:02:21,false,"Toronto Running","3.53","279","00:24:01","138","154","154","188","6:49","4:33","72","71","0.96","0.0","0.0","0.0","0.0","0.0","0:00","0.0","0:00","No","24:00.80","1","0.0","00:22:58","00:24:01","75","116"
Running,2020-12-02 16:52:21,false,"Toronto Running","3.99","316","00:19:42","169","196","173","208","4:56","3:25","4","6","1.17","0.0","0.0","0.0","0.0","0.0","0:00","0.0","0:00","No","19:42.37","1","0.0","00:19:42","00:19:42","75","81"
Cycling,2020-11-28 14:15:34,false,"Toronto Cycling","4.31","156","00:22:55","106","124","--","--","11.3","27.4","45","51","0.00","0.0","0.0","0.0","0.0","0.0","0:00","0.0","0:00","No","22:54.64","1","0.0","00:16:38","00:22:55","75","111"
Running,2020-11-20 16:23:23,false,"Toronto Running","2.66","175","00:12:06","157","173","168","190","4:33","3:56","5","6","1.30","0.0","0.0","0.0","0.0","0.0","0:00","0.0","0:00","No","12:05.61","1","0.0","00:11:41","00:12:06","75","104"
Running,2020-11-16 17:54:32,false,"Toronto Running","6.00","431","00:30:52","153","177","159","196","5:09","3:54","12","15","1.22","0.0","0.0","0.0","0.0","0.0","0:00","0.0","0:00","No","30:52.30","1","0.0","00:29:43","00:30:52","75","102"
Cycling,2020-11-14 16:14:51,false,"Toronto Cycling","6.80","307","00:54:42","102","123","--","--","7.5","25.9","47","6","0.00","0.0","0.0","0.0","0.0","0.0","0:00","0.0","0:00","No","24:58.83","2","0.0","00:28:09","00:54:42","75","117"
Cycling,2020-11-14 01:48:59,false,"Toronto Cycling","8.00","273","00:38:52","112","133","--","--","12.4","28.9","73","31","0.00","0.0","0.0","0.0","0.0","0.0","0:00","0.0","0:00","No","17:50.10","2","0.0","00:28:53","00:38:52","81","152"
Cycling,2020-11-13 20:00:51,false,"Toronto Cycling","7.69","295","00:38:33","115","138","--","--","12.0","28.1","34","6","0.00","0.0","0.0","0.0","0.0","0.0","0:00","0.0","0:00","No","13:35.93","2","0.0","00:32:39","00:38:33","82","110"
Running,2020-11-11 17:19:42,false,"Toronto Running","5.85","393","00:29:21","148","179","161","190","5:01","4:00","9","9","1.24","0.0","0.0","0.0","0.0","0.0","0:00","0.0","0:00","No","29:21.40","1","0.0","00:27:56","00:29:21","75","83"
Running,2020-11-10 17:25:43,false,"Toronto Running","5.72","442","00:29:21","162","189","163","190","5:08","3:35","5","8","1.20","0.0","0.0","0.0","0.0","0.0","0:00","0.0","0:00","No","29:21.14","1","0.0","00:28:32","00:29:21","75","81"
Cycling,2020-11-09 17:39:24,false,"Toronto Cycling","11.87","243","00:44:26","100","126","--","--","16.0","25.9","9","10","0.00","0.0","0.0","0.0","0.0","0.0","0:00","0.0","0:00","No","08:12.53","3","0.0","00:40:25","00:44:26","75","81"
Running,2020-11-02 17:45:22,false,"Toronto Running","2.73","171","00:13:19","143","160","163","205","4:53","4:10","6","5","1.26","0.0","0.0","0.0","0.0","0.0","0:00","0.0","0:00","No","13:19.23","1","0.0","00:13:09","00:13:19","75","81"
Running,2020-10-09 18:49:23,false,"Toronto Running","6.74","550","00:41:31","148","166","154","173","6:10","4:56","169","243","1.05","0.0","0.0","0.0","0.0","0.0","0:00","0.0","0:00","No","41:31.38","1","0.0","00:39:42","00:41:31","75","163"
